Metro,Date,ZORI
"Denver, CO",2015-01-31,1268.010953805752
"Colorado Springs, CO",2015-01-31,1050.4451870596006
"Fort Collins, CO",2015-01-31,1235.3631304855387
"Boulder, CO",2015-01-31,1472.575958433854
"Greeley, CO",2015-01-31,
"Pueblo, CO",2015-01-31,
"Grand Junction, CO",2015-01-31,876.2770178855275
"Glenwood Springs, CO",2015-01-31,
"Edwards, CO",2015-01-31,
"Durango, CO",2015-01-31,
"Ca-¦on City, CO",2015-01-31,
"Montrose, CO",2015-01-31,
"Breckenridge, CO",2015-01-31,
"Steamboat Springs, CO",2015-01-31,
"Sterling, CO",2015-01-31,
"Denver, CO",2015-02-28,1283.7369036266412
"Colorado Springs, CO",2015-02-28,1057.6662418997194
"Fort Collins, CO",2015-02-28,1256.4905751924855
"Boulder, CO",2015-02-28,1486.561886877647
"Greeley, CO",2015-02-28,
"Pueblo, CO",2015-02-28,
"Grand Junction, CO",2015-02-28,874.6217050998421
"Glenwood Springs, CO",2015-02-28,
"Edwards, CO",2015-02-28,
"Durango, CO",2015-02-28,
"Ca-¦on City, CO",2015-02-28,
"Montrose, CO",2015-02-28,
"Breckenridge, CO",2015-02-28,
"Steamboat Springs, CO",2015-02-28,
"Sterling, CO",2015-02-28,
"Denver, CO",2015-03-31,1303.2082126665932
"Colorado Springs, CO",2015-03-31,1062.0972875003329
"Fort Collins, CO",2015-03-31,1286.7989914662246
"Boulder, CO",2015-03-31,1491.4631177693043
"Greeley, CO",2015-03-31,1326.0156326174708
"Pueblo, CO",2015-03-31,
"Grand Junction, CO",2015-03-31,878.9889942685762
"Glenwood Springs, CO",2015-03-31,
"Edwards, CO",2015-03-31,
"Durango, CO",2015-03-31,
"Ca-¦on City, CO",2015-03-31,
"Montrose, CO",2015-03-31,
"Breckenridge, CO",2015-03-31,
"Steamboat Springs, CO",2015-03-31,
"Sterling, CO",2015-03-31,
"Denver, CO",2015-04-30,1321.5441644948155
"Colorado Springs, CO",2015-04-30,1067.9424140370886
"Fort Collins, CO",2015-04-30,1298.3328854434574
"Boulder, CO",2015-04-30,1504.348067241964
"Greeley, CO",2015-04-30,1323.189629895301
"Pueblo, CO",2015-04-30,763.3191953041201
"Grand Junction, CO",2015-04-30,886.1507954968954
"Glenwood Springs, CO",2015-04-30,
"Edwards, CO",2015-04-30,
"Durango, CO",2015-04-30,
"Ca-¦on City, CO",2015-04-30,
"Montrose, CO",2015-04-30,
"Breckenridge, CO",2015-04-30,
"Steamboat Springs, CO",2015-04-30,
"Sterling, CO",2015-04-30,
"Denver, CO",2015-05-31,1336.4585327105049
"Colorado Springs, CO",2015-05-31,1077.275810781785
"Fort Collins, CO",2015-05-31,1285.4795464932893
"Boulder, CO",2015-05-31,1513.094023532213
"Greeley, CO",2015-05-31,1309.2664534187338
"Pueblo, CO",2015-05-31,770.0669097114617
"Grand Junction, CO",2015-05-31,899.776442981755
"Glenwood Springs, CO",2015-05-31,
"Edwards, CO",2015-05-31,
"Durango, CO",2015-05-31,
"Ca-¦on City, CO",2015-05-31,
"Montrose, CO",2015-05-31,
"Breckenridge, CO",2015-05-31,
"Steamboat Springs, CO",2015-05-31,
"Sterling, CO",2015-05-31,
"Denver, CO",2015-06-30,1351.9796684285675
"Colorado Springs, CO",2015-06-30,1084.1383347595788
"Fort Collins, CO",2015-06-30,1301.56659337137
"Boulder, CO",2015-06-30,1536.7196499361748
"Greeley, CO",2015-06-30,1299.905219015821
"Pueblo, CO",2015-06-30,764.393689955825
"Grand Junction, CO",2015-06-30,904.972221045806
"Glenwood Springs, CO",2015-06-30,
"Edwards, CO",2015-06-30,
"Durango, CO",2015-06-30,
"Ca-¦on City, CO",2015-06-30,
"Montrose, CO",2015-06-30,
"Breckenridge, CO",2015-06-30,
"Steamboat Springs, CO",2015-06-30,
"Sterling, CO",2015-06-30,
"Denver, CO",2015-07-31,1360.7710515658555
"Colorado Springs, CO",2015-07-31,1092.1092316912243
"Fort Collins, CO",2015-07-31,1307.4681549128445
"Boulder, CO",2015-07-31,1557.3497011563268
"Greeley, CO",2015-07-31,1323.1889286948467
"Pueblo, CO",2015-07-31,771.3192225383201
"Grand Junction, CO",2015-07-31,904.8181932791264
"Glenwood Springs, CO",2015-07-31,
"Edwards, CO",2015-07-31,
"Durango, CO",2015-07-31,
"Ca-¦on City, CO",2015-07-31,
"Montrose, CO",2015-07-31,
"Breckenridge, CO",2015-07-31,
"Steamboat Springs, CO",2015-07-31,
"Sterling, CO",2015-07-31,
"Denver, CO",2015-08-31,1365.5956232760443
"Colorado Springs, CO",2015-08-31,1095.7453487023622
"Fort Collins, CO",2015-08-31,1326.8212081942786
"Boulder, CO",2015-08-31,1581.1713267801174
"Greeley, CO",2015-08-31,1331.6706901203088
"Pueblo, CO",2015-08-31,774.094111696666
"Grand Junction, CO",2015-08-31,899.3645802291923
"Glenwood Springs, CO",2015-08-31,
"Edwards, CO",2015-08-31,
"Durango, CO",2015-08-31,
"Ca-¦on City, CO",2015-08-31,
"Montrose, CO",2015-08-31,
"Breckenridge, CO",2015-08-31,
"Steamboat Springs, CO",2015-08-31,
"Sterling, CO",2015-08-31,
"Denver, CO",2015-09-30,1364.3137277779604
"Colorado Springs, CO",2015-09-30,1097.870338819368
"Fort Collins, CO",2015-09-30,1313.5039239006785
"Boulder, CO",2015-09-30,1582.1024266413206
"Greeley, CO",2015-09-30,1349.7580047899576
"Pueblo, CO",2015-09-30,795.7430629339409
"Grand Junction, CO",2015-09-30,900.0953160134724
"Glenwood Springs, CO",2015-09-30,
"Edwards, CO",2015-09-30,
"Durango, CO",2015-09-30,
"Ca-¦on City, CO",2015-09-30,
"Montrose, CO",2015-09-30,
"Breckenridge, CO",2015-09-30,
"Steamboat Springs, CO",2015-09-30,
"Sterling, CO",2015-09-30,
"Denver, CO",2015-10-31,1365.7155554183637
"Colorado Springs, CO",2015-10-31,1101.3133935008882
"Fort Collins, CO",2015-10-31,1319.6418620987254
"Boulder, CO",2015-10-31,1578.54422253854
"Greeley, CO",2015-10-31,1341.2107606157783
"Pueblo, CO",2015-10-31,795.5773971367215
"Grand Junction, CO",2015-10-31,901.3726703502088
"Glenwood Springs, CO",2015-10-31,
"Edwards, CO",2015-10-31,
"Durango, CO",2015-10-31,
"Ca-¦on City, CO",2015-10-31,
"Montrose, CO",2015-10-31,
"Breckenridge, CO",2015-10-31,
"Steamboat Springs, CO",2015-10-31,
"Sterling, CO",2015-10-31,
"Denver, CO",2015-11-30,1364.8323589708275
"Colorado Springs, CO",2015-11-30,1103.5256242223504
"Fort Collins, CO",2015-11-30,1304.7662776799762
"Boulder, CO",2015-11-30,1567.4810596345314
"Greeley, CO",2015-11-30,1351.4355562548817
"Pueblo, CO",2015-11-30,802.7104541038824
"Grand Junction, CO",2015-11-30,905.0491820775804
"Glenwood Springs, CO",2015-11-30,
"Edwards, CO",2015-11-30,
"Durango, CO",2015-11-30,
"Ca-¦on City, CO",2015-11-30,
"Montrose, CO",2015-11-30,
"Breckenridge, CO",2015-11-30,
"Steamboat Springs, CO",2015-11-30,
"Sterling, CO",2015-11-30,
"Denver, CO",2015-12-31,1368.6839965050144
"Colorado Springs, CO",2015-12-31,1105.525520709017
"Fort Collins, CO",2015-12-31,1309.3643183283068
"Boulder, CO",2015-12-31,1564.9751143867122
"Greeley, CO",2015-12-31,1353.1314267634118
"Pueblo, CO",2015-12-31,796.2413394571187
"Grand Junction, CO",2015-12-31,897.7201805143654
"Glenwood Springs, CO",2015-12-31,
"Edwards, CO",2015-12-31,
"Durango, CO",2015-12-31,
"Ca-¦on City, CO",2015-12-31,
"Montrose, CO",2015-12-31,
"Breckenridge, CO",2015-12-31,
"Steamboat Springs, CO",2015-12-31,
"Sterling, CO",2015-12-31,
"Denver, CO",2016-01-31,1376.3827402694171
"Colorado Springs, CO",2016-01-31,1106.660792331868
"Fort Collins, CO",2016-01-31,1315.798695020145
"Boulder, CO",2016-01-31,1575.5881453469967
"Greeley, CO",2016-01-31,1358.4399204886056
"Pueblo, CO",2016-01-31,794.7717551571283
"Grand Junction, CO",2016-01-31,896.711579626316
"Glenwood Springs, CO",2016-01-31,
"Edwards, CO",2016-01-31,
"Durango, CO",2016-01-31,
"Ca-¦on City, CO",2016-01-31,
"Montrose, CO",2016-01-31,
"Breckenridge, CO",2016-01-31,
"Steamboat Springs, CO",2016-01-31,
"Sterling, CO",2016-01-31,
"Denver, CO",2016-02-29,1384.0747333996055
"Colorado Springs, CO",2016-02-29,1110.6709691071687
"Fort Collins, CO",2016-02-29,1331.2536818508552
"Boulder, CO",2016-02-29,1583.3441533310452
"Greeley, CO",2016-02-29,1356.3240042223747
"Pueblo, CO",2016-02-29,793.0444016205699
"Grand Junction, CO",2016-02-29,894.5385638101418
"Glenwood Springs, CO",2016-02-29,
"Edwards, CO",2016-02-29,
"Durango, CO",2016-02-29,
"Ca-¦on City, CO",2016-02-29,
"Montrose, CO",2016-02-29,
"Breckenridge, CO",2016-02-29,
"Steamboat Springs, CO",2016-02-29,
"Sterling, CO",2016-02-29,
"Denver, CO",2016-03-31,1390.9868483080504
"Colorado Springs, CO",2016-03-31,1119.241296962027
"Fort Collins, CO",2016-03-31,1349.5133913394188
"Boulder, CO",2016-03-31,1610.1859912779871
"Greeley, CO",2016-03-31,1347.5911243145129
"Pueblo, CO",2016-03-31,796.9610358702906
"Grand Junction, CO",2016-03-31,906.145223811316
"Glenwood Springs, CO",2016-03-31,1562.653304063872
"Edwards, CO",2016-03-31,
"Durango, CO",2016-03-31,
"Ca-¦on City, CO",2016-03-31,
"Montrose, CO",2016-03-31,
"Breckenridge, CO",2016-03-31,
"Steamboat Springs, CO",2016-03-31,
"Sterling, CO",2016-03-31,
"Denver, CO",2016-04-30,1395.0913514925865
"Colorado Springs, CO",2016-04-30,1134.42195161246
"Fort Collins, CO",2016-04-30,1353.775379700567
"Boulder, CO",2016-04-30,1618.7053496696342
"Greeley, CO",2016-04-30,1364.3537070563953
"Pueblo, CO",2016-04-30,806.8693727634535
"Grand Junction, CO",2016-04-30,914.5284970615808
"Glenwood Springs, CO",2016-04-30,1591.317336237675
"Edwards, CO",2016-04-30,
"Durango, CO",2016-04-30,
"Ca-¦on City, CO",2016-04-30,
"Montrose, CO",2016-04-30,
"Breckenridge, CO",2016-04-30,
"Steamboat Springs, CO",2016-04-30,
"Sterling, CO",2016-04-30,
"Denver, CO",2016-05-31,1408.0103481092076
"Colorado Springs, CO",2016-05-31,1143.998534464739
"Fort Collins, CO",2016-05-31,1365.9813124540278
"Boulder, CO",2016-05-31,1626.3884389467803
"Greeley, CO",2016-05-31,1375.68240398638
"Pueblo, CO",2016-05-31,821.8881361450035
"Grand Junction, CO",2016-05-31,923.4903243327566
"Glenwood Springs, CO",2016-05-31,1665.6707729033944
"Edwards, CO",2016-05-31,
"Durango, CO",2016-05-31,
"Ca-¦on City, CO",2016-05-31,
"Montrose, CO",2016-05-31,
"Breckenridge, CO",2016-05-31,
"Steamboat Springs, CO",2016-05-31,
"Sterling, CO",2016-05-31,
"Denver, CO",2016-06-30,1420.0837549424004
"Colorado Springs, CO",2016-06-30,1157.4664178776611
"Fort Collins, CO",2016-06-30,1373.0280980623254
"Boulder, CO",2016-06-30,1620.315140456948
"Greeley, CO",2016-06-30,1400.091404372703
"Pueblo, CO",2016-06-30,828.2223682570184
"Grand Junction, CO",2016-06-30,928.9258176419736
"Glenwood Springs, CO",2016-06-30,1655.447810835448
"Edwards, CO",2016-06-30,
"Durango, CO",2016-06-30,
"Ca-¦on City, CO",2016-06-30,
"Montrose, CO",2016-06-30,
"Breckenridge, CO",2016-06-30,
"Steamboat Springs, CO",2016-06-30,
"Sterling, CO",2016-06-30,
"Denver, CO",2016-07-31,1426.1106028138292
"Colorado Springs, CO",2016-07-31,1159.644992464467
"Fort Collins, CO",2016-07-31,1377.5997443625752
"Boulder, CO",2016-07-31,1617.798667404915
"Greeley, CO",2016-07-31,1393.6923996542378
"Pueblo, CO",2016-07-31,833.8584388361439
"Grand Junction, CO",2016-07-31,934.9231693367154
"Glenwood Springs, CO",2016-07-31,1692.665670068292
"Edwards, CO",2016-07-31,
"Durango, CO",2016-07-31,
"Ca-¦on City, CO",2016-07-31,
"Montrose, CO",2016-07-31,
"Breckenridge, CO",2016-07-31,
"Steamboat Springs, CO",2016-07-31,
"Sterling, CO",2016-07-31,
"Denver, CO",2016-08-31,1425.6552678938997
"Colorado Springs, CO",2016-08-31,1169.6598404067372
"Fort Collins, CO",2016-08-31,1369.6464103734918
"Boulder, CO",2016-08-31,1611.017976573644
"Greeley, CO",2016-08-31,1381.5969527664151
"Pueblo, CO",2016-08-31,831.1812491789565
"Grand Junction, CO",2016-08-31,935.0898873618286
"Glenwood Springs, CO",2016-08-31,1686.3884312742134
"Edwards, CO",2016-08-31,
"Durango, CO",2016-08-31,
"Ca-¦on City, CO",2016-08-31,
"Montrose, CO",2016-08-31,
"Breckenridge, CO",2016-08-31,
"Steamboat Springs, CO",2016-08-31,
"Sterling, CO",2016-08-31,
"Denver, CO",2016-09-30,1418.5400418436782
"Colorado Springs, CO",2016-09-30,1171.6706246723568
"Fort Collins, CO",2016-09-30,1353.539981160983
"Boulder, CO",2016-09-30,1610.9018220278497
"Greeley, CO",2016-09-30,1383.3099883013888
"Pueblo, CO",2016-09-30,841.0603774788025
"Grand Junction, CO",2016-09-30,935.0093027345245
"Glenwood Springs, CO",2016-09-30,1745.4312137451238
"Edwards, CO",2016-09-30,
"Durango, CO",2016-09-30,
"Ca-¦on City, CO",2016-09-30,
"Montrose, CO",2016-09-30,
"Breckenridge, CO",2016-09-30,
"Steamboat Springs, CO",2016-09-30,
"Sterling, CO",2016-09-30,
"Denver, CO",2016-10-31,1409.9388381598355
"Colorado Springs, CO",2016-10-31,1178.3567769965896
"Fort Collins, CO",2016-10-31,1335.6626097468345
"Boulder, CO",2016-10-31,1594.7749088111657
"Greeley, CO",2016-10-31,1390.6801507783923
"Pueblo, CO",2016-10-31,839.0011424485976
"Grand Junction, CO",2016-10-31,930.63802502081
"Glenwood Springs, CO",2016-10-31,1719.3848250914086
"Edwards, CO",2016-10-31,
"Durango, CO",2016-10-31,
"Ca-¦on City, CO",2016-10-31,
"Montrose, CO",2016-10-31,
"Breckenridge, CO",2016-10-31,
"Steamboat Springs, CO",2016-10-31,
"Sterling, CO",2016-10-31,
"Denver, CO",2016-11-30,1402.471721346228
"Colorado Springs, CO",2016-11-30,1175.1372265568882
"Fort Collins, CO",2016-11-30,1322.051564195854
"Boulder, CO",2016-11-30,1596.3756139208774
"Greeley, CO",2016-11-30,1395.7265297277827
"Pueblo, CO",2016-11-30,834.9018394598139
"Grand Junction, CO",2016-11-30,924.962544909074
"Glenwood Springs, CO",2016-11-30,1757.3239926276524
"Edwards, CO",2016-11-30,
"Durango, CO",2016-11-30,
"Ca-¦on City, CO",2016-11-30,
"Montrose, CO",2016-11-30,
"Breckenridge, CO",2016-11-30,
"Steamboat Springs, CO",2016-11-30,
"Sterling, CO",2016-11-30,
"Denver, CO",2016-12-31,1402.402990984745
"Colorado Springs, CO",2016-12-31,1175.185694524839
"Fort Collins, CO",2016-12-31,1325.5103043264303
"Boulder, CO",2016-12-31,1587.6886752298403
"Greeley, CO",2016-12-31,1380.766746830369
"Pueblo, CO",2016-12-31,841.0649870211244
"Grand Junction, CO",2016-12-31,915.1844179199734
"Glenwood Springs, CO",2016-12-31,1733.83827148846
"Edwards, CO",2016-12-31,
"Durango, CO",2016-12-31,
"Ca-¦on City, CO",2016-12-31,
"Montrose, CO",2016-12-31,
"Breckenridge, CO",2016-12-31,
"Steamboat Springs, CO",2016-12-31,
"Sterling, CO",2016-12-31,
"Denver, CO",2017-01-31,1410.64983150857
"Colorado Springs, CO",2017-01-31,1178.3060709141805
"Fort Collins, CO",2017-01-31,1336.9091456964925
"Boulder, CO",2017-01-31,1614.9545166700218
"Greeley, CO",2017-01-31,1392.606335724539
"Pueblo, CO",2017-01-31,839.6762414024493
"Grand Junction, CO",2017-01-31,919.9869443583586
"Glenwood Springs, CO",2017-01-31,1753.7707194170937
"Edwards, CO",2017-01-31,
"Durango, CO",2017-01-31,
"Ca-¦on City, CO",2017-01-31,
"Montrose, CO",2017-01-31,
"Breckenridge, CO",2017-01-31,
"Steamboat Springs, CO",2017-01-31,
"Sterling, CO",2017-01-31,
"Denver, CO",2017-02-28,1423.4122950213648
"Colorado Springs, CO",2017-02-28,1191.5947980028618
"Fort Collins, CO",2017-02-28,1364.6817743736576
"Boulder, CO",2017-02-28,1632.8544004081232
"Greeley, CO",2017-02-28,1401.869556925569
"Pueblo, CO",2017-02-28,847.5362886690502
"Grand Junction, CO",2017-02-28,926.0430971460464
"Glenwood Springs, CO",2017-02-28,1720.4416858920345
"Edwards, CO",2017-02-28,
"Durango, CO",2017-02-28,
"Ca-¦on City, CO",2017-02-28,
"Montrose, CO",2017-02-28,
"Breckenridge, CO",2017-02-28,
"Steamboat Springs, CO",2017-02-28,
"Sterling, CO",2017-02-28,
"Denver, CO",2017-03-31,1438.1677336572825
"Colorado Springs, CO",2017-03-31,1207.8609966714334
"Fort Collins, CO",2017-03-31,1385.8923014640072
"Boulder, CO",2017-03-31,1657.347994954372
"Greeley, CO",2017-03-31,1408.6686495442016
"Pueblo, CO",2017-03-31,849.2127606918393
"Grand Junction, CO",2017-03-31,942.1323408987748
"Glenwood Springs, CO",2017-03-31,1746.409421001356
"Edwards, CO",2017-03-31,
"Durango, CO",2017-03-31,
"Ca-¦on City, CO",2017-03-31,
"Montrose, CO",2017-03-31,
"Breckenridge, CO",2017-03-31,
"Steamboat Springs, CO",2017-03-31,
"Sterling, CO",2017-03-31,
"Denver, CO",2017-04-30,1454.1473183676944
"Colorado Springs, CO",2017-04-30,1222.1403275091088
"Fort Collins, CO",2017-04-30,1409.2827319535388
"Boulder, CO",2017-04-30,1662.5926711757436
"Greeley, CO",2017-04-30,1414.549461607346
"Pueblo, CO",2017-04-30,870.6392130517926
"Grand Junction, CO",2017-04-30,948.7795375742112
"Glenwood Springs, CO",2017-04-30,1757.4688911530989
"Edwards, CO",2017-04-30,
"Durango, CO",2017-04-30,
"Ca-¦on City, CO",2017-04-30,
"Montrose, CO",2017-04-30,
"Breckenridge, CO",2017-04-30,
"Steamboat Springs, CO",2017-04-30,
"Sterling, CO",2017-04-30,
"Denver, CO",2017-05-31,1469.821576944582
"Colorado Springs, CO",2017-05-31,1230.71221728599
"Fort Collins, CO",2017-05-31,1417.1900032132708
"Boulder, CO",2017-05-31,1669.8387137505867
"Greeley, CO",2017-05-31,1426.6807197571063
"Pueblo, CO",2017-05-31,882.0903906097614
"Grand Junction, CO",2017-05-31,965.0521594887872
"Glenwood Springs, CO",2017-05-31,1799.50265120676
"Edwards, CO",2017-05-31,
"Durango, CO",2017-05-31,
"Ca-¦on City, CO",2017-05-31,
"Montrose, CO",2017-05-31,
"Breckenridge, CO",2017-05-31,
"Steamboat Springs, CO",2017-05-31,
"Sterling, CO",2017-05-31,
"Denver, CO",2017-06-30,1480.2849424315436
"Colorado Springs, CO",2017-06-30,1238.6197586184303
"Fort Collins, CO",2017-06-30,1419.9374924983233
"Boulder, CO",2017-06-30,1680.3717044715145
"Greeley, CO",2017-06-30,1441.4039584628697
"Pueblo, CO",2017-06-30,890.0915930195109
"Grand Junction, CO",2017-06-30,972.8097517447368
"Glenwood Springs, CO",2017-06-30,1829.9722384868687
"Edwards, CO",2017-06-30,
"Durango, CO",2017-06-30,
"Ca-¦on City, CO",2017-06-30,
"Montrose, CO",2017-06-30,
"Breckenridge, CO",2017-06-30,
"Steamboat Springs, CO",2017-06-30,
"Sterling, CO",2017-06-30,
"Denver, CO",2017-07-31,1486.4358974235902
"Colorado Springs, CO",2017-07-31,1242.4586096830335
"Fort Collins, CO",2017-07-31,1417.3594051479697
"Boulder, CO",2017-07-31,1685.0133291045272
"Greeley, CO",2017-07-31,1448.5140948613143
"Pueblo, CO",2017-07-31,884.8877421456472
"Grand Junction, CO",2017-07-31,975.8244303022892
"Glenwood Springs, CO",2017-07-31,1838.9449283294668
"Edwards, CO",2017-07-31,
"Durango, CO",2017-07-31,
"Ca-¦on City, CO",2017-07-31,
"Montrose, CO",2017-07-31,
"Breckenridge, CO",2017-07-31,
"Steamboat Springs, CO",2017-07-31,
"Sterling, CO",2017-07-31,
"Denver, CO",2017-08-31,1487.4361429969658
"Colorado Springs, CO",2017-08-31,1250.946011731375
"Fort Collins, CO",2017-08-31,1409.6830736517038
"Boulder, CO",2017-08-31,1687.8373075418554
"Greeley, CO",2017-08-31,1460.2855980097445
"Pueblo, CO",2017-08-31,889.4728531869058
"Grand Junction, CO",2017-08-31,974.237370623958
"Glenwood Springs, CO",2017-08-31,1868.573714429201
"Edwards, CO",2017-08-31,
"Durango, CO",2017-08-31,
"Ca-¦on City, CO",2017-08-31,
"Montrose, CO",2017-08-31,
"Breckenridge, CO",2017-08-31,
"Steamboat Springs, CO",2017-08-31,
"Sterling, CO",2017-08-31,
"Denver, CO",2017-09-30,1484.33216379609
"Colorado Springs, CO",2017-09-30,1255.5229660479104
"Fort Collins, CO",2017-09-30,1401.4527242421575
"Boulder, CO",2017-09-30,1680.7865826229768
"Greeley, CO",2017-09-30,1467.6719653331093
"Pueblo, CO",2017-09-30,886.870591136609
"Grand Junction, CO",2017-09-30,970.713875526276
"Glenwood Springs, CO",2017-09-30,1861.7728135759733
"Edwards, CO",2017-09-30,
"Durango, CO",2017-09-30,
"Ca-¦on City, CO",2017-09-30,
"Montrose, CO",2017-09-30,
"Breckenridge, CO",2017-09-30,
"Steamboat Springs, CO",2017-09-30,
"Sterling, CO",2017-09-30,
"Denver, CO",2017-10-31,1477.8253072955354
"Colorado Springs, CO",2017-10-31,1258.0138006673617
"Fort Collins, CO",2017-10-31,1387.7154275871296
"Boulder, CO",2017-10-31,1676.670522042132
"Greeley, CO",2017-10-31,1463.2976104239806
"Pueblo, CO",2017-10-31,893.0762915257482
"Grand Junction, CO",2017-10-31,974.518336666867
"Glenwood Springs, CO",2017-10-31,
"Edwards, CO",2017-10-31,
"Durango, CO",2017-10-31,
"Ca-¦on City, CO",2017-10-31,
"Montrose, CO",2017-10-31,
"Breckenridge, CO",2017-10-31,
"Steamboat Springs, CO",2017-10-31,
"Sterling, CO",2017-10-31,
"Denver, CO",2017-11-30,1473.078436908329
"Colorado Springs, CO",2017-11-30,1257.3226008517847
"Fort Collins, CO",2017-11-30,1386.1845675656368
"Boulder, CO",2017-11-30,1675.370439711808
"Greeley, CO",2017-11-30,1450.9066325983738
"Pueblo, CO",2017-11-30,883.9088925788359
"Grand Junction, CO",2017-11-30,979.2393312066074
"Glenwood Springs, CO",2017-11-30,1911.8086275603173
"Edwards, CO",2017-11-30,
"Durango, CO",2017-11-30,
"Ca-¦on City, CO",2017-11-30,
"Montrose, CO",2017-11-30,
"Breckenridge, CO",2017-11-30,
"Steamboat Springs, CO",2017-11-30,
"Sterling, CO",2017-11-30,
"Denver, CO",2017-12-31,1476.4975333134742
"Colorado Springs, CO",2017-12-31,1262.6285784055754
"Fort Collins, CO",2017-12-31,1370.914562108018
"Boulder, CO",2017-12-31,1691.5994801448437
"Greeley, CO",2017-12-31,1443.7141665091228
"Pueblo, CO",2017-12-31,880.1201550313785
"Grand Junction, CO",2017-12-31,982.6007732196152
"Glenwood Springs, CO",2017-12-31,1907.495695981928
"Edwards, CO",2017-12-31,
"Durango, CO",2017-12-31,
"Ca-¦on City, CO",2017-12-31,
"Montrose, CO",2017-12-31,
"Breckenridge, CO",2017-12-31,
"Steamboat Springs, CO",2017-12-31,
"Sterling, CO",2017-12-31,
"Denver, CO",2018-01-31,1482.3359437463196
"Colorado Springs, CO",2018-01-31,1275.6924634151767
"Fort Collins, CO",2018-01-31,1390.8804388746305
"Boulder, CO",2018-01-31,1698.373134237764
"Greeley, CO",2018-01-31,1444.0920084018346
"Pueblo, CO",2018-01-31,879.8687453056353
"Grand Junction, CO",2018-01-31,986.8726683897776
"Glenwood Springs, CO",2018-01-31,1866.041776878337
"Edwards, CO",2018-01-31,
"Durango, CO",2018-01-31,
"Ca-¦on City, CO",2018-01-31,
"Montrose, CO",2018-01-31,
"Breckenridge, CO",2018-01-31,
"Steamboat Springs, CO",2018-01-31,
"Sterling, CO",2018-01-31,
"Denver, CO",2018-02-28,1493.1703191639326
"Colorado Springs, CO",2018-02-28,1283.8871509070811
"Fort Collins, CO",2018-02-28,1409.7071609835966
"Boulder, CO",2018-02-28,1710.5841964310268
"Greeley, CO",2018-02-28,1469.3511836028672
"Pueblo, CO",2018-02-28,883.8946957921977
"Grand Junction, CO",2018-02-28,988.6748140120144
"Glenwood Springs, CO",2018-02-28,1900.759704371698
"Edwards, CO",2018-02-28,
"Durango, CO",2018-02-28,
"Ca-¦on City, CO",2018-02-28,
"Montrose, CO",2018-02-28,
"Breckenridge, CO",2018-02-28,
"Steamboat Springs, CO",2018-02-28,
"Sterling, CO",2018-02-28,
"Denver, CO",2018-03-31,1503.0978581425152
"Colorado Springs, CO",2018-03-31,1292.591357308066
"Fort Collins, CO",2018-03-31,1441.5839829432248
"Boulder, CO",2018-03-31,1711.8925491242676
"Greeley, CO",2018-03-31,1495.0555783185443
"Pueblo, CO",2018-03-31,900.2972828140057
"Grand Junction, CO",2018-03-31,1006.6423385490284
"Glenwood Springs, CO",2018-03-31,1919.3861852104317
"Edwards, CO",2018-03-31,
"Durango, CO",2018-03-31,
"Ca-¦on City, CO",2018-03-31,
"Montrose, CO",2018-03-31,
"Breckenridge, CO",2018-03-31,
"Steamboat Springs, CO",2018-03-31,
"Sterling, CO",2018-03-31,
"Denver, CO",2018-04-30,1515.7947335955184
"Colorado Springs, CO",2018-04-30,1298.8397203336049
"Fort Collins, CO",2018-04-30,1451.7212857497664
"Boulder, CO",2018-04-30,1727.1477264964096
"Greeley, CO",2018-04-30,1511.3459259465062
"Pueblo, CO",2018-04-30,900.82544427238
"Grand Junction, CO",2018-04-30,1015.0928967092108
"Glenwood Springs, CO",2018-04-30,1955.2822549381008
"Edwards, CO",2018-04-30,
"Durango, CO",2018-04-30,
"Ca-¦on City, CO",2018-04-30,
"Montrose, CO",2018-04-30,
"Breckenridge, CO",2018-04-30,
"Steamboat Springs, CO",2018-04-30,
"Sterling, CO",2018-04-30,
"Denver, CO",2018-05-31,1524.9216547956505
"Colorado Springs, CO",2018-05-31,1308.795247923404
"Fort Collins, CO",2018-05-31,1460.6336532425246
"Boulder, CO",2018-05-31,1738.0163929223029
"Greeley, CO",2018-05-31,1511.6796605763698
"Pueblo, CO",2018-05-31,905.9028392572208
"Grand Junction, CO",2018-05-31,1026.4617555933244
"Glenwood Springs, CO",2018-05-31,1941.9796285075784
"Edwards, CO",2018-05-31,
"Durango, CO",2018-05-31,
"Ca-¦on City, CO",2018-05-31,
"Montrose, CO",2018-05-31,
"Breckenridge, CO",2018-05-31,
"Steamboat Springs, CO",2018-05-31,
"Sterling, CO",2018-05-31,
"Denver, CO",2018-06-30,1534.228983191525
"Colorado Springs, CO",2018-06-30,1311.8792590424232
"Fort Collins, CO",2018-06-30,1465.714026580892
"Boulder, CO",2018-06-30,1751.2574011616696
"Greeley, CO",2018-06-30,1506.512287829788
"Pueblo, CO",2018-06-30,912.0828869087962
"Grand Junction, CO",2018-06-30,1030.118067275436
"Glenwood Springs, CO",2018-06-30,1948.9609463267216
"Edwards, CO",2018-06-30,
"Durango, CO",2018-06-30,
"Ca-¦on City, CO",2018-06-30,
"Montrose, CO",2018-06-30,
"Breckenridge, CO",2018-06-30,
"Steamboat Springs, CO",2018-06-30,
"Sterling, CO",2018-06-30,
"Denver, CO",2018-07-31,1540.2602460400276
"Colorado Springs, CO",2018-07-31,1316.1736571828585
"Fort Collins, CO",2018-07-31,1467.2269855836532
"Boulder, CO",2018-07-31,1761.642079347487
"Greeley, CO",2018-07-31,1516.8492978655677
"Pueblo, CO",2018-07-31,929.5888229852012
"Grand Junction, CO",2018-07-31,1036.6599773883502
"Glenwood Springs, CO",2018-07-31,1964.6557474506656
"Edwards, CO",2018-07-31,
"Durango, CO",2018-07-31,
"Ca-¦on City, CO",2018-07-31,
"Montrose, CO",2018-07-31,
"Breckenridge, CO",2018-07-31,
"Steamboat Springs, CO",2018-07-31,
"Sterling, CO",2018-07-31,
"Denver, CO",2018-08-31,1543.640664863531
"Colorado Springs, CO",2018-08-31,1318.9950043195847
"Fort Collins, CO",2018-08-31,1462.00159964969
"Boulder, CO",2018-08-31,1767.2464308978854
"Greeley, CO",2018-08-31,1535.2435645375654
"Pueblo, CO",2018-08-31,943.0384775050876
"Grand Junction, CO",2018-08-31,1047.2633189872918
"Glenwood Springs, CO",2018-08-31,1998.793329395675
"Edwards, CO",2018-08-31,
"Durango, CO",2018-08-31,
"Ca-¦on City, CO",2018-08-31,
"Montrose, CO",2018-08-31,
"Breckenridge, CO",2018-08-31,
"Steamboat Springs, CO",2018-08-31,
"Sterling, CO",2018-08-31,
"Denver, CO",2018-09-30,1539.638851048931
"Colorado Springs, CO",2018-09-30,1320.059540415478
"Fort Collins, CO",2018-09-30,1451.2721307458785
"Boulder, CO",2018-09-30,1763.2914242954637
"Greeley, CO",2018-09-30,1553.9963063903383
"Pueblo, CO",2018-09-30,944.1827475294087
"Grand Junction, CO",2018-09-30,1044.6503632293086
"Glenwood Springs, CO",2018-09-30,1995.8922349072384
"Edwards, CO",2018-09-30,
"Durango, CO",2018-09-30,
"Ca-¦on City, CO",2018-09-30,
"Montrose, CO",2018-09-30,
"Breckenridge, CO",2018-09-30,
"Steamboat Springs, CO",2018-09-30,
"Sterling, CO",2018-09-30,
"Denver, CO",2018-10-31,1534.9587015222407
"Colorado Springs, CO",2018-10-31,1318.3107146750876
"Fort Collins, CO",2018-10-31,1447.1431099141153
"Boulder, CO",2018-10-31,1759.1934193301283
"Greeley, CO",2018-10-31,1557.590156146305
"Pueblo, CO",2018-10-31,938.5521638684208
"Grand Junction, CO",2018-10-31,1048.7042489549262
"Glenwood Springs, CO",2018-10-31,2009.0678942173104
"Edwards, CO",2018-10-31,
"Durango, CO",2018-10-31,
"Ca-¦on City, CO",2018-10-31,
"Montrose, CO",2018-10-31,
"Breckenridge, CO",2018-10-31,
"Steamboat Springs, CO",2018-10-31,
"Sterling, CO",2018-10-31,
"Denver, CO",2018-11-30,1532.3691191089883
"Colorado Springs, CO",2018-11-30,1320.917935191266
"Fort Collins, CO",2018-11-30,1446.2021771524726
"Boulder, CO",2018-11-30,1753.2125137506523
"Greeley, CO",2018-11-30,1546.206940311286
"Pueblo, CO",2018-11-30,936.9038364664588
"Grand Junction, CO",2018-11-30,1047.6713541411918
"Glenwood Springs, CO",2018-11-30,2001.4780100615253
"Edwards, CO",2018-11-30,
"Durango, CO",2018-11-30,
"Ca-¦on City, CO",2018-11-30,
"Montrose, CO",2018-11-30,
"Breckenridge, CO",2018-11-30,
"Steamboat Springs, CO",2018-11-30,
"Sterling, CO",2018-11-30,
"Denver, CO",2018-12-31,1535.700082610092
"Colorado Springs, CO",2018-12-31,1325.6584233771237
"Fort Collins, CO",2018-12-31,1463.867242838045
"Boulder, CO",2018-12-31,1757.283836983553
"Greeley, CO",2018-12-31,1547.8321438597343
"Pueblo, CO",2018-12-31,933.7239197064534
"Grand Junction, CO",2018-12-31,1059.523819769177
"Glenwood Springs, CO",2018-12-31,2064.922872765977
"Edwards, CO",2018-12-31,
"Durango, CO",2018-12-31,
"Ca-¦on City, CO",2018-12-31,
"Montrose, CO",2018-12-31,
"Breckenridge, CO",2018-12-31,
"Steamboat Springs, CO",2018-12-31,
"Sterling, CO",2018-12-31,
"Denver, CO",2019-01-31,1542.383175950356
"Colorado Springs, CO",2019-01-31,1336.858880455573
"Fort Collins, CO",2019-01-31,1474.446962081052
"Boulder, CO",2019-01-31,1767.9310956339546
"Greeley, CO",2019-01-31,1549.8779599721386
"Pueblo, CO",2019-01-31,940.3962441315742
"Grand Junction, CO",2019-01-31,1065.2752697065637
"Glenwood Springs, CO",2019-01-31,2043.976990083073
"Edwards, CO",2019-01-31,
"Durango, CO",2019-01-31,
"Ca-¦on City, CO",2019-01-31,
"Montrose, CO",2019-01-31,
"Breckenridge, CO",2019-01-31,
"Steamboat Springs, CO",2019-01-31,
"Sterling, CO",2019-01-31,
"Denver, CO",2019-02-28,1551.5629348705731
"Colorado Springs, CO",2019-02-28,1349.4531187165578
"Fort Collins, CO",2019-02-28,1493.02657684612
"Boulder, CO",2019-02-28,1783.0632779875823
"Greeley, CO",2019-02-28,1568.1283645779174
"Pueblo, CO",2019-02-28,945.662854211906
"Grand Junction, CO",2019-02-28,1071.8064993235764
"Glenwood Springs, CO",2019-02-28,2061.3394151594844
"Edwards, CO",2019-02-28,
"Durango, CO",2019-02-28,
"Ca-¦on City, CO",2019-02-28,
"Montrose, CO",2019-02-28,
"Breckenridge, CO",2019-02-28,
"Steamboat Springs, CO",2019-02-28,
"Sterling, CO",2019-02-28,
"Denver, CO",2019-03-31,1562.0487552177442
"Colorado Springs, CO",2019-03-31,1360.991890866239
"Fort Collins, CO",2019-03-31,1504.111167967301
"Boulder, CO",2019-03-31,1791.7458614997531
"Greeley, CO",2019-03-31,1579.4294497873325
"Pueblo, CO",2019-03-31,937.0301524180665
"Grand Junction, CO",2019-03-31,1079.4012278948717
"Glenwood Springs, CO",2019-03-31,2044.3221879419505
"Edwards, CO",2019-03-31,
"Durango, CO",2019-03-31,
"Ca-¦on City, CO",2019-03-31,
"Montrose, CO",2019-03-31,
"Breckenridge, CO",2019-03-31,
"Steamboat Springs, CO",2019-03-31,
"Sterling, CO",2019-03-31,
"Denver, CO",2019-04-30,1573.244874176116
"Colorado Springs, CO",2019-04-30,1368.8106354769582
"Fort Collins, CO",2019-04-30,1511.0900976129572
"Boulder, CO",2019-04-30,1800.3708268650548
"Greeley, CO",2019-04-30,1595.397398495548
"Pueblo, CO",2019-04-30,940.0837830383992
"Grand Junction, CO",2019-04-30,1089.7614255194042
"Glenwood Springs, CO",2019-04-30,2092.0298897161038
"Edwards, CO",2019-04-30,
"Durango, CO",2019-04-30,
"Ca-¦on City, CO",2019-04-30,
"Montrose, CO",2019-04-30,
"Breckenridge, CO",2019-04-30,
"Steamboat Springs, CO",2019-04-30,
"Sterling, CO",2019-04-30,
"Denver, CO",2019-05-31,1585.7390208636791
"Colorado Springs, CO",2019-05-31,1373.2922345945465
"Fort Collins, CO",2019-05-31,1513.6975016118445
"Boulder, CO",2019-05-31,1810.3238574005472
"Greeley, CO",2019-05-31,1587.995817590735
"Pueblo, CO",2019-05-31,950.0058827208024
"Grand Junction, CO",2019-05-31,1099.5823672966185
"Glenwood Springs, CO",2019-05-31,2116.161168397788
"Edwards, CO",2019-05-31,
"Durango, CO",2019-05-31,
"Ca-¦on City, CO",2019-05-31,
"Montrose, CO",2019-05-31,
"Breckenridge, CO",2019-05-31,
"Steamboat Springs, CO",2019-05-31,
"Sterling, CO",2019-05-31,
"Denver, CO",2019-06-30,1596.043886644454
"Colorado Springs, CO",2019-06-30,1381.4931894930955
"Fort Collins, CO",2019-06-30,1515.450447229788
"Boulder, CO",2019-06-30,1813.313882146227
"Greeley, CO",2019-06-30,1592.772260627088
"Pueblo, CO",2019-06-30,975.9674485105692
"Grand Junction, CO",2019-06-30,1104.4465551145595
"Glenwood Springs, CO",2019-06-30,2150.635545707666
"Edwards, CO",2019-06-30,
"Durango, CO",2019-06-30,
"Ca-¦on City, CO",2019-06-30,
"Montrose, CO",2019-06-30,
"Breckenridge, CO",2019-06-30,
"Steamboat Springs, CO",2019-06-30,
"Sterling, CO",2019-06-30,
"Denver, CO",2019-07-31,1601.7772224904727
"Colorado Springs, CO",2019-07-31,1384.764735619215
"Fort Collins, CO",2019-07-31,1514.8265687085266
"Boulder, CO",2019-07-31,1818.4163947088443
"Greeley, CO",2019-07-31,1587.5818077351732
"Pueblo, CO",2019-07-31,994.5932570266608
"Grand Junction, CO",2019-07-31,1103.8940473870791
"Glenwood Springs, CO",2019-07-31,2108.7553027170443
"Edwards, CO",2019-07-31,
"Durango, CO",2019-07-31,
"Ca-¦on City, CO",2019-07-31,
"Montrose, CO",2019-07-31,
"Breckenridge, CO",2019-07-31,
"Steamboat Springs, CO",2019-07-31,
"Sterling, CO",2019-07-31,
"Denver, CO",2019-08-31,1599.9265220059633
"Colorado Springs, CO",2019-08-31,1391.1043826348
"Fort Collins, CO",2019-08-31,1508.5358627530754
"Boulder, CO",2019-08-31,1814.911059450743
"Greeley, CO",2019-08-31,1600.5925651494956
"Pueblo, CO",2019-08-31,994.1171345987572
"Grand Junction, CO",2019-08-31,1117.206079005664
"Glenwood Springs, CO",2019-08-31,2114.796921524752
"Edwards, CO",2019-08-31,
"Durango, CO",2019-08-31,
"Ca-¦on City, CO",2019-08-31,
"Montrose, CO",2019-08-31,
"Breckenridge, CO",2019-08-31,
"Steamboat Springs, CO",2019-08-31,
"Sterling, CO",2019-08-31,
"Denver, CO",2019-09-30,1594.4238841895135
"Colorado Springs, CO",2019-09-30,1393.5312195428262
"Fort Collins, CO",2019-09-30,1503.1113060542443
"Boulder, CO",2019-09-30,1815.8085554917525
"Greeley, CO",2019-09-30,1594.347859821093
"Pueblo, CO",2019-09-30,983.2168579090836
"Grand Junction, CO",2019-09-30,1126.5611316628658
"Glenwood Springs, CO",2019-09-30,2118.9642706029717
"Edwards, CO",2019-09-30,
"Durango, CO",2019-09-30,
"Ca-¦on City, CO",2019-09-30,
"Montrose, CO",2019-09-30,
"Breckenridge, CO",2019-09-30,
"Steamboat Springs, CO",2019-09-30,
"Sterling, CO",2019-09-30,
"Denver, CO",2019-10-31,1590.525595834571
"Colorado Springs, CO",2019-10-31,1400.075998547771
"Fort Collins, CO",2019-10-31,1496.2408879929071
"Boulder, CO",2019-10-31,1811.2628154881163
"Greeley, CO",2019-10-31,1595.9036515502266
"Pueblo, CO",2019-10-31,977.694362220556
"Grand Junction, CO",2019-10-31,1125.9625858305235
"Glenwood Springs, CO",2019-10-31,2197.904104380857
"Edwards, CO",2019-10-31,
"Durango, CO",2019-10-31,
"Ca-¦on City, CO",2019-10-31,
"Montrose, CO",2019-10-31,
"Breckenridge, CO",2019-10-31,
"Steamboat Springs, CO",2019-10-31,
"Sterling, CO",2019-10-31,
"Denver, CO",2019-11-30,1590.8601425233198
"Colorado Springs, CO",2019-11-30,1395.8056921696736
"Fort Collins, CO",2019-11-30,1489.448758618823
"Boulder, CO",2019-11-30,1816.823156655612
"Greeley, CO",2019-11-30,1576.708812616604
"Pueblo, CO",2019-11-30,974.034068220717
"Grand Junction, CO",2019-11-30,1117.0412808784806
"Glenwood Springs, CO",2019-11-30,2197.48667188041
"Edwards, CO",2019-11-30,
"Durango, CO",2019-11-30,
"Ca-¦on City, CO",2019-11-30,
"Montrose, CO",2019-11-30,
"Breckenridge, CO",2019-11-30,
"Steamboat Springs, CO",2019-11-30,
"Sterling, CO",2019-11-30,
"Denver, CO",2019-12-31,1593.179152471478
"Colorado Springs, CO",2019-12-31,1400.972267613333
"Fort Collins, CO",2019-12-31,1489.589078002041
"Boulder, CO",2019-12-31,1828.4087621226256
"Greeley, CO",2019-12-31,1581.6589114641847
"Pueblo, CO",2019-12-31,996.3780748363284
"Grand Junction, CO",2019-12-31,1107.3669990867145
"Glenwood Springs, CO",2019-12-31,2227.163040454313
"Edwards, CO",2019-12-31,
"Durango, CO",2019-12-31,
"Ca-¦on City, CO",2019-12-31,
"Montrose, CO",2019-12-31,
"Breckenridge, CO",2019-12-31,
"Steamboat Springs, CO",2019-12-31,
"Sterling, CO",2019-12-31,
"Denver, CO",2020-01-31,1597.7672597275086
"Colorado Springs, CO",2020-01-31,1408.5257202935204
"Fort Collins, CO",2020-01-31,1506.6514415469455
"Boulder, CO",2020-01-31,1832.0320437323403
"Greeley, CO",2020-01-31,1588.756367605437
"Pueblo, CO",2020-01-31,1003.5237962517004
"Grand Junction, CO",2020-01-31,1121.512362639521
"Glenwood Springs, CO",2020-01-31,2193.8169507586445
"Edwards, CO",2020-01-31,
"Durango, CO",2020-01-31,
"Ca-¦on City, CO",2020-01-31,
"Montrose, CO",2020-01-31,
"Breckenridge, CO",2020-01-31,
"Steamboat Springs, CO",2020-01-31,
"Sterling, CO",2020-01-31,
"Denver, CO",2020-02-29,1603.7975586011662
"Colorado Springs, CO",2020-02-29,1423.0269411574382
"Fort Collins, CO",2020-02-29,1524.229068300396
"Boulder, CO",2020-02-29,1839.812041686908
"Greeley, CO",2020-02-29,1613.1252772717037
"Pueblo, CO",2020-02-29,1011.099958927946
"Grand Junction, CO",2020-02-29,1130.34329184617
"Glenwood Springs, CO",2020-02-29,2266.630524840174
"Edwards, CO",2020-02-29,
"Durango, CO",2020-02-29,
"Ca-¦on City, CO",2020-02-29,
"Montrose, CO",2020-02-29,
"Breckenridge, CO",2020-02-29,
"Steamboat Springs, CO",2020-02-29,
"Sterling, CO",2020-02-29,
"Denver, CO",2020-03-31,1610.2326840870007
"Colorado Springs, CO",2020-03-31,1431.3296407372725
"Fort Collins, CO",2020-03-31,1538.576095637983
"Boulder, CO",2020-03-31,1846.179713312236
"Greeley, CO",2020-03-31,1631.6673701790974
"Pueblo, CO",2020-03-31,1011.5187786446796
"Grand Junction, CO",2020-03-31,1122.672812391984
"Glenwood Springs, CO",2020-03-31,2254.740427922597
"Edwards, CO",2020-03-31,
"Durango, CO",2020-03-31,
"Ca-¦on City, CO",2020-03-31,
"Montrose, CO",2020-03-31,
"Breckenridge, CO",2020-03-31,
"Steamboat Springs, CO",2020-03-31,
"Sterling, CO",2020-03-31,
"Denver, CO",2020-04-30,1604.6805777527911
"Colorado Springs, CO",2020-04-30,1432.4751969787335
"Fort Collins, CO",2020-04-30,1537.4151284340542
"Boulder, CO",2020-04-30,1844.1302492815064
"Greeley, CO",2020-04-30,1631.9304801550734
"Pueblo, CO",2020-04-30,1021.690661919691
"Grand Junction, CO",2020-04-30,1118.814832369173
"Glenwood Springs, CO",2020-04-30,2296.946578421449
"Edwards, CO",2020-04-30,
"Durango, CO",2020-04-30,
"Ca-¦on City, CO",2020-04-30,
"Montrose, CO",2020-04-30,
"Breckenridge, CO",2020-04-30,
"Steamboat Springs, CO",2020-04-30,
"Sterling, CO",2020-04-30,
"Denver, CO",2020-05-31,1597.933592022545
"Colorado Springs, CO",2020-05-31,1432.3533932142448
"Fort Collins, CO",2020-05-31,1541.5060482951908
"Boulder, CO",2020-05-31,1835.2635014400284
"Greeley, CO",2020-05-31,1629.694586106138
"Pueblo, CO",2020-05-31,1040.3593893725026
"Grand Junction, CO",2020-05-31,1121.5815862565828
"Glenwood Springs, CO",2020-05-31,2223.118742947643
"Edwards, CO",2020-05-31,
"Durango, CO",2020-05-31,
"Ca-¦on City, CO",2020-05-31,
"Montrose, CO",2020-05-31,
"Breckenridge, CO",2020-05-31,
"Steamboat Springs, CO",2020-05-31,
"Sterling, CO",2020-05-31,
"Denver, CO",2020-06-30,1594.5019053689953
"Colorado Springs, CO",2020-06-30,1439.3279907031751
"Fort Collins, CO",2020-06-30,1541.810732488097
"Boulder, CO",2020-06-30,1832.466334764204
"Greeley, CO",2020-06-30,1619.8252869811529
"Pueblo, CO",2020-06-30,1041.9381305669378
"Grand Junction, CO",2020-06-30,1151.4037604015716
"Glenwood Springs, CO",2020-06-30,2094.8966189119787
"Edwards, CO",2020-06-30,
"Durango, CO",2020-06-30,
"Ca-¦on City, CO",2020-06-30,
"Montrose, CO",2020-06-30,
"Breckenridge, CO",2020-06-30,
"Steamboat Springs, CO",2020-06-30,
"Sterling, CO",2020-06-30,
"Denver, CO",2020-07-31,1603.1511663832107
"Colorado Springs, CO",2020-07-31,1450.5028530464465
"Fort Collins, CO",2020-07-31,1543.668005037929
"Boulder, CO",2020-07-31,1844.908927099424
"Greeley, CO",2020-07-31,1624.7266328028106
"Pueblo, CO",2020-07-31,1051.1652544331323
"Grand Junction, CO",2020-07-31,1163.1457606720517
"Glenwood Springs, CO",2020-07-31,2098.017437133541
"Edwards, CO",2020-07-31,
"Durango, CO",2020-07-31,
"Ca-¦on City, CO",2020-07-31,
"Montrose, CO",2020-07-31,
"Breckenridge, CO",2020-07-31,
"Steamboat Springs, CO",2020-07-31,
"Sterling, CO",2020-07-31,
"Denver, CO",2020-08-31,1607.8422247478911
"Colorado Springs, CO",2020-08-31,1466.4841165563053
"Fort Collins, CO",2020-08-31,1543.536901548119
"Boulder, CO",2020-08-31,1851.8673846791976
"Greeley, CO",2020-08-31,1634.8753646754328
"Pueblo, CO",2020-08-31,1053.644531504525
"Grand Junction, CO",2020-08-31,1178.361779324042
"Glenwood Springs, CO",2020-08-31,2185.283541082515
"Edwards, CO",2020-08-31,
"Durango, CO",2020-08-31,
"Ca-¦on City, CO",2020-08-31,
"Montrose, CO",2020-08-31,
"Breckenridge, CO",2020-08-31,
"Steamboat Springs, CO",2020-08-31,
"Sterling, CO",2020-08-31,
"Denver, CO",2020-09-30,1608.441835142724
"Colorado Springs, CO",2020-09-30,1475.6039631479646
"Fort Collins, CO",2020-09-30,1541.6311516130077
"Boulder, CO",2020-09-30,1856.0559966686744
"Greeley, CO",2020-09-30,1630.6384770946045
"Pueblo, CO",2020-09-30,1074.1638883929131
"Grand Junction, CO",2020-09-30,1184.8671828683716
"Glenwood Springs, CO",2020-09-30,2380.802045972157
"Edwards, CO",2020-09-30,
"Durango, CO",2020-09-30,
"Ca-¦on City, CO",2020-09-30,
"Montrose, CO",2020-09-30,
"Breckenridge, CO",2020-09-30,
"Steamboat Springs, CO",2020-09-30,
"Sterling, CO",2020-09-30,
"Denver, CO",2020-10-31,1601.044549832257
"Colorado Springs, CO",2020-10-31,1483.57712296489
"Fort Collins, CO",2020-10-31,1545.126250154139
"Boulder, CO",2020-10-31,1854.5600390384227
"Greeley, CO",2020-10-31,1633.306645851486
"Pueblo, CO",2020-10-31,1071.384791281415
"Grand Junction, CO",2020-10-31,1200.207879748623
"Glenwood Springs, CO",2020-10-31,2457.5632229656435
"Edwards, CO",2020-10-31,
"Durango, CO",2020-10-31,
"Ca-¦on City, CO",2020-10-31,
"Montrose, CO",2020-10-31,
"Breckenridge, CO",2020-10-31,
"Steamboat Springs, CO",2020-10-31,
"Sterling, CO",2020-10-31,
"Denver, CO",2020-11-30,1593.4847800882262
"Colorado Springs, CO",2020-11-30,1489.0140424892652
"Fort Collins, CO",2020-11-30,1538.6484702344344
"Boulder, CO",2020-11-30,1855.4319914200016
"Greeley, CO",2020-11-30,1633.2681095983453
"Pueblo, CO",2020-11-30,1084.8166835748434
"Grand Junction, CO",2020-11-30,1208.7679891837242
"Glenwood Springs, CO",2020-11-30,2462.9795933494665
"Edwards, CO",2020-11-30,
"Durango, CO",2020-11-30,
"Ca-¦on City, CO",2020-11-30,
"Montrose, CO",2020-11-30,
"Breckenridge, CO",2020-11-30,
"Steamboat Springs, CO",2020-11-30,
"Sterling, CO",2020-11-30,
"Denver, CO",2020-12-31,1588.9537849873886
"Colorado Springs, CO",2020-12-31,1494.7601318132988
"Fort Collins, CO",2020-12-31,1544.5193692720893
"Boulder, CO",2020-12-31,1849.746461738427
"Greeley, CO",2020-12-31,1647.0555648568309
"Pueblo, CO",2020-12-31,1097.872453869921
"Grand Junction, CO",2020-12-31,1214.9366992608605
"Glenwood Springs, CO",2020-12-31,2425.335276242401
"Edwards, CO",2020-12-31,
"Durango, CO",2020-12-31,
"Ca-¦on City, CO",2020-12-31,
"Montrose, CO",2020-12-31,
"Breckenridge, CO",2020-12-31,
"Steamboat Springs, CO",2020-12-31,
"Sterling, CO",2020-12-31,
"Denver, CO",2021-01-31,1593.133960576033
"Colorado Springs, CO",2021-01-31,1500.6772108873524
"Fort Collins, CO",2021-01-31,1539.702074260279
"Boulder, CO",2021-01-31,1863.637164398628
"Greeley, CO",2021-01-31,1664.8953111769424
"Pueblo, CO",2021-01-31,1111.2368828761128
"Grand Junction, CO",2021-01-31,1215.09747185812
"Glenwood Springs, CO",2021-01-31,2458.23517639958
"Edwards, CO",2021-01-31,
"Durango, CO",2021-01-31,1510.8010598339736
"Ca-¦on City, CO",2021-01-31,
"Montrose, CO",2021-01-31,
"Breckenridge, CO",2021-01-31,
"Steamboat Springs, CO",2021-01-31,
"Sterling, CO",2021-01-31,
"Denver, CO",2021-02-28,1604.1317147871343
"Colorado Springs, CO",2021-02-28,1515.6629806476813
"Fort Collins, CO",2021-02-28,1562.8159121758308
"Boulder, CO",2021-02-28,1879.728728122008
"Greeley, CO",2021-02-28,1678.4290620548215
"Pueblo, CO",2021-02-28,1119.9446368194451
"Grand Junction, CO",2021-02-28,1218.1659177437537
"Glenwood Springs, CO",2021-02-28,2528.8491209718995
"Edwards, CO",2021-02-28,
"Durango, CO",2021-02-28,1519.802908162465
"Ca-¦on City, CO",2021-02-28,
"Montrose, CO",2021-02-28,
"Breckenridge, CO",2021-02-28,
"Steamboat Springs, CO",2021-02-28,
"Sterling, CO",2021-02-28,
"Denver, CO",2021-03-31,1619.8952932329491
"Colorado Springs, CO",2021-03-31,1534.6089383338235
"Fort Collins, CO",2021-03-31,1573.3346294110415
"Boulder, CO",2021-03-31,1901.9094203270884
"Greeley, CO",2021-03-31,1694.7755667252625
"Pueblo, CO",2021-03-31,1116.282789070102
"Grand Junction, CO",2021-03-31,1232.4677968790534
"Glenwood Springs, CO",2021-03-31,2634.7708783300745
"Edwards, CO",2021-03-31,
"Durango, CO",2021-03-31,1528.7168932278123
"Ca-¦on City, CO",2021-03-31,
"Montrose, CO",2021-03-31,
"Breckenridge, CO",2021-03-31,
"Steamboat Springs, CO",2021-03-31,
"Sterling, CO",2021-03-31,
"Denver, CO",2021-04-30,1644.1779297946669
"Colorado Springs, CO",2021-04-30,1562.1594080284608
"Fort Collins, CO",2021-04-30,1599.865706598039
"Boulder, CO",2021-04-30,1920.5546271199528
"Greeley, CO",2021-04-30,1700.8385771652056
"Pueblo, CO",2021-04-30,1127.687688586997
"Grand Junction, CO",2021-04-30,1241.189398091385
"Glenwood Springs, CO",2021-04-30,2608.605636545531
"Edwards, CO",2021-04-30,
"Durango, CO",2021-04-30,1583.3279505993514
"Ca-¦on City, CO",2021-04-30,
"Montrose, CO",2021-04-30,
"Breckenridge, CO",2021-04-30,
"Steamboat Springs, CO",2021-04-30,
"Sterling, CO",2021-04-30,
"Denver, CO",2021-05-31,1676.367554875981
"Colorado Springs, CO",2021-05-31,1586.8398657541145
"Fort Collins, CO",2021-05-31,1612.25826702529
"Boulder, CO",2021-05-31,1946.881631660817
"Greeley, CO",2021-05-31,1708.8098439735488
"Pueblo, CO",2021-05-31,1139.4497825904484
"Grand Junction, CO",2021-05-31,1254.4247292262912
"Glenwood Springs, CO",2021-05-31,2558.300763160413
"Edwards, CO",2021-05-31,
"Durango, CO",2021-05-31,1606.2809808139602
"Ca-¦on City, CO",2021-05-31,
"Montrose, CO",2021-05-31,
"Breckenridge, CO",2021-05-31,
"Steamboat Springs, CO",2021-05-31,
"Sterling, CO",2021-05-31,
"Denver, CO",2021-06-30,1714.5575680847826
"Colorado Springs, CO",2021-06-30,1619.6251048189267
"Fort Collins, CO",2021-06-30,1639.8606828282973
"Boulder, CO",2021-06-30,1974.453491749021
"Greeley, CO",2021-06-30,1727.544622853801
"Pueblo, CO",2021-06-30,1153.7181955893925
"Grand Junction, CO",2021-06-30,1271.5219062429592
"Glenwood Springs, CO",2021-06-30,2605.189886212361
"Edwards, CO",2021-06-30,
"Durango, CO",2021-06-30,1640.8280149050493
"Ca-¦on City, CO",2021-06-30,
"Montrose, CO",2021-06-30,
"Breckenridge, CO",2021-06-30,
"Steamboat Springs, CO",2021-06-30,
"Sterling, CO",2021-06-30,
"Denver, CO",2021-07-31,1751.142147543395
"Colorado Springs, CO",2021-07-31,1653.016646903608
"Fort Collins, CO",2021-07-31,1661.621420641938
"Boulder, CO",2021-07-31,2004.534282024404
"Greeley, CO",2021-07-31,1740.8911303372713
"Pueblo, CO",2021-07-31,1171.7057276866894
"Grand Junction, CO",2021-07-31,1307.393218083178
"Glenwood Springs, CO",2021-07-31,2709.532543353325
"Edwards, CO",2021-07-31,
"Durango, CO",2021-07-31,1662.7240165517085
"Ca-¦on City, CO",2021-07-31,
"Montrose, CO",2021-07-31,
"Breckenridge, CO",2021-07-31,
"Steamboat Springs, CO",2021-07-31,
"Sterling, CO",2021-07-31,
"Denver, CO",2021-08-31,1781.434601833125
"Colorado Springs, CO",2021-08-31,1681.6425722603212
"Fort Collins, CO",2021-08-31,1686.2322712578143
"Boulder, CO",2021-08-31,2032.893646552852
"Greeley, CO",2021-08-31,1763.1331631178095
"Pueblo, CO",2021-08-31,1191.5804063157057
"Grand Junction, CO",2021-08-31,1334.1481537275629
"Glenwood Springs, CO",2021-08-31,2864.9849999861844
"Edwards, CO",2021-08-31,
"Durango, CO",2021-08-31,1700.7607170021074
"Ca-¦on City, CO",2021-08-31,
"Montrose, CO",2021-08-31,
"Breckenridge, CO",2021-08-31,
"Steamboat Springs, CO",2021-08-31,
"Sterling, CO",2021-08-31,
"Denver, CO",2021-09-30,1801.46959074835
"Colorado Springs, CO",2021-09-30,1691.7468500954008
"Fort Collins, CO",2021-09-30,1695.9148240350532
"Boulder, CO",2021-09-30,2050.2300502625467
"Greeley, CO",2021-09-30,1770.483144845953
"Pueblo, CO",2021-09-30,1212.6992784948172
"Grand Junction, CO",2021-09-30,1355.2004902010744
"Glenwood Springs, CO",2021-09-30,2861.8522864466568
"Edwards, CO",2021-09-30,
"Durango, CO",2021-09-30,1752.8913565723794
"Ca-¦on City, CO",2021-09-30,
"Montrose, CO",2021-09-30,
"Breckenridge, CO",2021-09-30,
"Steamboat Springs, CO",2021-09-30,
"Sterling, CO",2021-09-30,
"Denver, CO",2021-10-31,1805.1229453177425
"Colorado Springs, CO",2021-10-31,1688.5270380645256
"Fort Collins, CO",2021-10-31,1713.6139901696804
"Boulder, CO",2021-10-31,2052.5025746424344
"Greeley, CO",2021-10-31,1789.266939896142
"Pueblo, CO",2021-10-31,1218.4246677587314
"Grand Junction, CO",2021-10-31,1343.0565313517804
"Glenwood Springs, CO",2021-10-31,2847.152939026824
"Edwards, CO",2021-10-31,
"Durango, CO",2021-10-31,1754.7779864043482
"Ca-¦on City, CO",2021-10-31,
"Montrose, CO",2021-10-31,
"Breckenridge, CO",2021-10-31,
"Steamboat Springs, CO",2021-10-31,
"Sterling, CO",2021-10-31,
"Denver, CO",2021-11-30,1804.1227589449625
"Colorado Springs, CO",2021-11-30,1688.4254616106084
"Fort Collins, CO",2021-11-30,1713.5566669164048
"Boulder, CO",2021-11-30,2044.3404737785695
"Greeley, CO",2021-11-30,1799.2056415367838
"Pueblo, CO",2021-11-30,1226.742174544638
"Grand Junction, CO",2021-11-30,1362.657310527513
"Glenwood Springs, CO",2021-11-30,2763.124746643044
"Edwards, CO",2021-11-30,
"Durango, CO",2021-11-30,1735.2962534885633
"Ca-¦on City, CO",2021-11-30,
"Montrose, CO",2021-11-30,
"Breckenridge, CO",2021-11-30,
"Steamboat Springs, CO",2021-11-30,
"Sterling, CO",2021-11-30,
"Denver, CO",2021-12-31,1802.87585520054
"Colorado Springs, CO",2021-12-31,1693.613557770749
"Fort Collins, CO",2021-12-31,1719.236184564926
"Boulder, CO",2021-12-31,2053.0117341399964
"Greeley, CO",2021-12-31,1811.527608598894
"Pueblo, CO",2021-12-31,1235.7823647181742
"Grand Junction, CO",2021-12-31,1375.839647945662
"Glenwood Springs, CO",2021-12-31,3010.3471608939967
"Edwards, CO",2021-12-31,
"Durango, CO",2021-12-31,1698.3330443921936
"Ca-¦on City, CO",2021-12-31,
"Montrose, CO",2021-12-31,
"Breckenridge, CO",2021-12-31,
"Steamboat Springs, CO",2021-12-31,
"Sterling, CO",2021-12-31,
"Denver, CO",2022-01-31,1813.5746796390197
"Colorado Springs, CO",2022-01-31,1702.6757933763824
"Fort Collins, CO",2022-01-31,1719.0031636960025
"Boulder, CO",2022-01-31,2068.82028776696
"Greeley, CO",2022-01-31,1827.307702326661
"Pueblo, CO",2022-01-31,1238.1814137145134
"Grand Junction, CO",2022-01-31,1384.2476719168474
"Glenwood Springs, CO",2022-01-31,3144.921190700029
"Edwards, CO",2022-01-31,
"Durango, CO",2022-01-31,1709.152013433582
"Ca-¦on City, CO",2022-01-31,
"Montrose, CO",2022-01-31,
"Breckenridge, CO",2022-01-31,
"Steamboat Springs, CO",2022-01-31,
"Sterling, CO",2022-01-31,
"Denver, CO",2022-02-28,1828.2159942226235
"Colorado Springs, CO",2022-02-28,1712.0231761284708
"Fort Collins, CO",2022-02-28,1732.3695571601802
"Boulder, CO",2022-02-28,2102.612614641587
"Greeley, CO",2022-02-28,1841.564766789476
"Pueblo, CO",2022-02-28,1242.2490601860638
"Grand Junction, CO",2022-02-28,1391.2471617382894
"Glenwood Springs, CO",2022-02-28,3252.8522455014718
"Edwards, CO",2022-02-28,
"Durango, CO",2022-02-28,1726.5880635765966
"Ca-¦on City, CO",2022-02-28,
"Montrose, CO",2022-02-28,
"Breckenridge, CO",2022-02-28,
"Steamboat Springs, CO",2022-02-28,
"Sterling, CO",2022-02-28,
"Denver, CO",2022-03-31,1850.7390309887896
"Colorado Springs, CO",2022-03-31,1726.9744278933572
"Fort Collins, CO",2022-03-31,1744.550229609577
"Boulder, CO",2022-03-31,2130.6288395888078
"Greeley, CO",2022-03-31,1861.527578015164
"Pueblo, CO",2022-03-31,1252.3727605719478
"Grand Junction, CO",2022-03-31,1387.576192770521
"Glenwood Springs, CO",2022-03-31,3148.7764973773537
"Edwards, CO",2022-03-31,
"Durango, CO",2022-03-31,1774.916335283892
"Ca-¦on City, CO",2022-03-31,
"Montrose, CO",2022-03-31,
"Breckenridge, CO",2022-03-31,
"Steamboat Springs, CO",2022-03-31,
"Sterling, CO",2022-03-31,
"Denver, CO",2022-04-30,1874.1789008214887
"Colorado Springs, CO",2022-04-30,1745.6377521906804
"Fort Collins, CO",2022-04-30,1759.9698134166206
"Boulder, CO",2022-04-30,2155.1106533203874
"Greeley, CO",2022-04-30,1881.4312966646844
"Pueblo, CO",2022-04-30,1269.8446995823429
"Grand Junction, CO",2022-04-30,1435.9372573224005
"Glenwood Springs, CO",2022-04-30,3286.031776490091
"Edwards, CO",2022-04-30,
"Durango, CO",2022-04-30,1812.9359865966671
"Ca-¦on City, CO",2022-04-30,
"Montrose, CO",2022-04-30,
"Breckenridge, CO",2022-04-30,
"Steamboat Springs, CO",2022-04-30,
"Sterling, CO",2022-04-30,
"Denver, CO",2022-05-31,1900.4324770768224
"Colorado Springs, CO",2022-05-31,1767.8338407644762
"Fort Collins, CO",2022-05-31,1777.8780973343682
"Boulder, CO",2022-05-31,2165.916673880812
"Greeley, CO",2022-05-31,1903.4088359097336
"Pueblo, CO",2022-05-31,1283.2525904010722
"Grand Junction, CO",2022-05-31,1425.7649078880902
"Glenwood Springs, CO",2022-05-31,3390.454180818152
"Edwards, CO",2022-05-31,
"Durango, CO",2022-05-31,1869.1040469851769
"Ca-¦on City, CO",2022-05-31,
"Montrose, CO",2022-05-31,
"Breckenridge, CO",2022-05-31,
"Steamboat Springs, CO",2022-05-31,
"Sterling, CO",2022-05-31,
"Denver, CO",2022-06-30,1920.404058521387
"Colorado Springs, CO",2022-06-30,1787.4067799949817
"Fort Collins, CO",2022-06-30,1802.446393848088
"Boulder, CO",2022-06-30,2178.5204634973447
"Greeley, CO",2022-06-30,1908.01275079838
"Pueblo, CO",2022-06-30,1289.6696944868474
"Grand Junction, CO",2022-06-30,1453.496776553366
"Glenwood Springs, CO",2022-06-30,3394.504247060456
"Edwards, CO",2022-06-30,
"Durango, CO",2022-06-30,1877.190058585412
"Ca-¦on City, CO",2022-06-30,
"Montrose, CO",2022-06-30,
"Breckenridge, CO",2022-06-30,
"Steamboat Springs, CO",2022-06-30,
"Sterling, CO",2022-06-30,
"Denver, CO",2022-07-31,1935.325355125785
"Colorado Springs, CO",2022-07-31,1804.699940926122
"Fort Collins, CO",2022-07-31,1821.5922585488413
"Boulder, CO",2022-07-31,2186.6905431008067
"Greeley, CO",2022-07-31,1912.387074537681
"Pueblo, CO",2022-07-31,1300.3600131695068
"Grand Junction, CO",2022-07-31,1446.258497385371
"Glenwood Springs, CO",2022-07-31,3357.764792437459
"Edwards, CO",2022-07-31,
"Durango, CO",2022-07-31,1879.492316424409
"Ca-¦on City, CO",2022-07-31,
"Montrose, CO",2022-07-31,
"Breckenridge, CO",2022-07-31,
"Steamboat Springs, CO",2022-07-31,
"Sterling, CO",2022-07-31,
"Denver, CO",2022-08-31,1936.390779839344
"Colorado Springs, CO",2022-08-31,1807.4006642555885
"Fort Collins, CO",2022-08-31,1838.467035941116
"Boulder, CO",2022-08-31,2194.342749933866
"Greeley, CO",2022-08-31,1903.7486977719916
"Pueblo, CO",2022-08-31,1302.672291644904
"Grand Junction, CO",2022-08-31,1479.917537626639
"Glenwood Springs, CO",2022-08-31,3461.4616365386414
"Edwards, CO",2022-08-31,
"Durango, CO",2022-08-31,1873.2781875073497
"Ca-¦on City, CO",2022-08-31,
"Montrose, CO",2022-08-31,
"Breckenridge, CO",2022-08-31,
"Steamboat Springs, CO",2022-08-31,
"Sterling, CO",2022-08-31,
"Denver, CO",2022-09-30,1929.5973737059956
"Colorado Springs, CO",2022-09-30,1800.5200033755953
"Fort Collins, CO",2022-09-30,1838.3528905812632
"Boulder, CO",2022-09-30,2198.1418463608416
"Greeley, CO",2022-09-30,1899.479422304056
"Pueblo, CO",2022-09-30,1299.4084571182464
"Grand Junction, CO",2022-09-30,1478.0097897047249
"Glenwood Springs, CO",2022-09-30,3520.2418173421734
"Edwards, CO",2022-09-30,
"Durango, CO",2022-09-30,1872.7082776676623
"Ca-¦on City, CO",2022-09-30,
"Montrose, CO",2022-09-30,
"Breckenridge, CO",2022-09-30,
"Steamboat Springs, CO",2022-09-30,
"Sterling, CO",2022-09-30,
"Denver, CO",2022-10-31,1919.218818997075
"Colorado Springs, CO",2022-10-31,1788.25577119252
"Fort Collins, CO",2022-10-31,1846.7487454281236
"Boulder, CO",2022-10-31,2201.0646598266726
"Greeley, CO",2022-10-31,1892.8687678732545
"Pueblo, CO",2022-10-31,1293.849260161424
"Grand Junction, CO",2022-10-31,1482.3565171855228
"Glenwood Springs, CO",2022-10-31,3458.218572666362
"Edwards, CO",2022-10-31,
"Durango, CO",2022-10-31,1888.220346733696
"Ca-¦on City, CO",2022-10-31,
"Montrose, CO",2022-10-31,
"Breckenridge, CO",2022-10-31,
"Steamboat Springs, CO",2022-10-31,
"Sterling, CO",2022-10-31,
"Denver, CO",2022-11-30,1905.1450660273813
"Colorado Springs, CO",2022-11-30,1776.1091795542172
"Fort Collins, CO",2022-11-30,1839.4202549591307
"Boulder, CO",2022-11-30,2188.4123393257496
"Greeley, CO",2022-11-30,1906.520336512202
"Pueblo, CO",2022-11-30,1298.7077192853385
"Grand Junction, CO",2022-11-30,1477.2300345523895
"Glenwood Springs, CO",2022-11-30,3477.324041072144
"Edwards, CO",2022-11-30,
"Durango, CO",2022-11-30,1874.3303423123195
"Ca-¦on City, CO",2022-11-30,
"Montrose, CO",2022-11-30,
"Breckenridge, CO",2022-11-30,
"Steamboat Springs, CO",2022-11-30,
"Sterling, CO",2022-11-30,
"Denver, CO",2022-12-31,1895.922234460844
"Colorado Springs, CO",2022-12-31,1774.6494990072424
"Fort Collins, CO",2022-12-31,1838.4260030286373
"Boulder, CO",2022-12-31,2175.7427722971797
"Greeley, CO",2022-12-31,1918.603991895068
"Pueblo, CO",2022-12-31,1307.205148409368
"Grand Junction, CO",2022-12-31,1481.444281913149
"Glenwood Springs, CO",2022-12-31,3555.580816725096
"Edwards, CO",2022-12-31,
"Durango, CO",2022-12-31,1875.537137560848
"Ca-¦on City, CO",2022-12-31,
"Montrose, CO",2022-12-31,
"Breckenridge, CO",2022-12-31,
"Steamboat Springs, CO",2022-12-31,
"Sterling, CO",2022-12-31,
"Denver, CO",2023-01-31,1894.621835988567
"Colorado Springs, CO",2023-01-31,1777.7766597010325
"Fort Collins, CO",2023-01-31,1835.2468036540656
"Boulder, CO",2023-01-31,2174.3034245356453
"Greeley, CO",2023-01-31,1942.453422222034
"Pueblo, CO",2023-01-31,1326.2609683369944
"Grand Junction, CO",2023-01-31,1487.4399051323096
"Glenwood Springs, CO",2023-01-31,3717.483935999025
"Edwards, CO",2023-01-31,3246.5905776794484
"Durango, CO",2023-01-31,1864.6276530830437
"Ca-¦on City, CO",2023-01-31,
"Montrose, CO",2023-01-31,
"Breckenridge, CO",2023-01-31,
"Steamboat Springs, CO",2023-01-31,
"Sterling, CO",2023-01-31,
"Denver, CO",2023-02-28,1907.375352595308
"Colorado Springs, CO",2023-02-28,1790.242142733505
"Fort Collins, CO",2023-02-28,1853.9225168607736
"Boulder, CO",2023-02-28,2191.823831179261
"Greeley, CO",2023-02-28,1949.659669509666
"Pueblo, CO",2023-02-28,1318.654478899558
"Grand Junction, CO",2023-02-28,1488.5727205119265
"Glenwood Springs, CO",2023-02-28,3759.296762964409
"Edwards, CO",2023-02-28,3297.309495127117
"Durango, CO",2023-02-28,1867.465726093951
"Ca-¦on City, CO",2023-02-28,
"Montrose, CO",2023-02-28,
"Breckenridge, CO",2023-02-28,
"Steamboat Springs, CO",2023-02-28,
"Sterling, CO",2023-02-28,
"Denver, CO",2023-03-31,1929.2621474954776
"Colorado Springs, CO",2023-03-31,1802.754714830861
"Fort Collins, CO",2023-03-31,1875.8906508344596
"Boulder, CO",2023-03-31,2216.936978834038
"Greeley, CO",2023-03-31,1969.9201862801465
"Pueblo, CO",2023-03-31,1319.9577763751497
"Grand Junction, CO",2023-03-31,1490.3181121296975
"Glenwood Springs, CO",2023-03-31,3669.5292924017904
"Edwards, CO",2023-03-31,3239.017670899227
"Durango, CO",2023-03-31,1863.1727608205956
"Ca-¦on City, CO",2023-03-31,
"Montrose, CO",2023-03-31,
"Breckenridge, CO",2023-03-31,
"Steamboat Springs, CO",2023-03-31,
"Sterling, CO",2023-03-31,
"Denver, CO",2023-04-30,1944.5771870590968
"Colorado Springs, CO",2023-04-30,1814.2125307909143
"Fort Collins, CO",2023-04-30,1888.2880369384773
"Boulder, CO",2023-04-30,2235.0126788588623
"Greeley, CO",2023-04-30,1971.716917936272
"Pueblo, CO",2023-04-30,1306.4134013583507
"Grand Junction, CO",2023-04-30,1499.028832968586
"Glenwood Springs, CO",2023-04-30,3644.048025722149
"Edwards, CO",2023-04-30,3242.9067064814863
"Durango, CO",2023-04-30,1882.325881633072
"Ca-¦on City, CO",2023-04-30,
"Montrose, CO",2023-04-30,1741.29656869963
"Breckenridge, CO",2023-04-30,
"Steamboat Springs, CO",2023-04-30,
"Sterling, CO",2023-04-30,
"Denver, CO",2023-05-31,1961.4460866693123
"Colorado Springs, CO",2023-05-31,1822.340419201292
"Fort Collins, CO",2023-05-31,1895.33676212092
"Boulder, CO",2023-05-31,2258.121249929662
"Greeley, CO",2023-05-31,1985.6018194247824
"Pueblo, CO",2023-05-31,1322.073486247136
"Grand Junction, CO",2023-05-31,1505.3141966355536
"Glenwood Springs, CO",2023-05-31,3627.4584707616464
"Edwards, CO",2023-05-31,3217.175613581119
"Durango, CO",2023-05-31,1911.9515252290223
"Ca-¦on City, CO",2023-05-31,
"Montrose, CO",2023-05-31,1730.2920624667045
"Breckenridge, CO",2023-05-31,
"Steamboat Springs, CO",2023-05-31,
"Sterling, CO",2023-05-31,
"Denver, CO",2023-06-30,1972.084067390407
"Colorado Springs, CO",2023-06-30,1825.2862194143304
"Fort Collins, CO",2023-06-30,1908.4677780314096
"Boulder, CO",2023-06-30,2269.9841432809235
"Greeley, CO",2023-06-30,1988.5431865514963
"Pueblo, CO",2023-06-30,1329.5405855925965
"Grand Junction, CO",2023-06-30,1507.0474923393408
"Glenwood Springs, CO",2023-06-30,3649.4391504723862
"Edwards, CO",2023-06-30,3218.2135512899217
"Durango, CO",2023-06-30,1928.7945717402345
"Ca-¦on City, CO",2023-06-30,
"Montrose, CO",2023-06-30,1710.0040770653618
"Breckenridge, CO",2023-06-30,
"Steamboat Springs, CO",2023-06-30,
"Sterling, CO",2023-06-30,
"Denver, CO",2023-07-31,1980.6769630353608
"Colorado Springs, CO",2023-07-31,1828.529209295423
"Fort Collins, CO",2023-07-31,1920.7616028930404
"Boulder, CO",2023-07-31,2286.213186306677
"Greeley, CO",2023-07-31,1993.6022691638875
"Pueblo, CO",2023-07-31,1331.3494574293763
"Grand Junction, CO",2023-07-31,1517.6957801905032
"Glenwood Springs, CO",2023-07-31,3623.662454906296
"Edwards, CO",2023-07-31,3234.890068311856
"Durango, CO",2023-07-31,1949.8613188509223
"Ca-¦on City, CO",2023-07-31,
"Montrose, CO",2023-07-31,1706.2272636230316
"Breckenridge, CO",2023-07-31,
"Steamboat Springs, CO",2023-07-31,
"Sterling, CO",2023-07-31,
"Denver, CO",2023-08-31,1984.3157529256112
"Colorado Springs, CO",2023-08-31,1827.506099434113
"Fort Collins, CO",2023-08-31,1929.250266691132
"Boulder, CO",2023-08-31,2287.1896697555176
"Greeley, CO",2023-08-31,1999.421720901292
"Pueblo, CO",2023-08-31,1340.937468691587
"Grand Junction, CO",2023-08-31,1530.7804259989198
"Glenwood Springs, CO",2023-08-31,3597.603531565563
"Edwards, CO",2023-08-31,3283.9521932748285
"Durango, CO",2023-08-31,1954.5054515620077
"Ca-¦on City, CO",2023-08-31,
"Montrose, CO",2023-08-31,1726.095576027436
"Breckenridge, CO",2023-08-31,
"Steamboat Springs, CO",2023-08-31,
"Sterling, CO",2023-08-31,
"Denver, CO",2023-09-30,1980.7537227424395
"Colorado Springs, CO",2023-09-30,1829.8024940424264
"Fort Collins, CO",2023-09-30,1925.956253903344
"Boulder, CO",2023-09-30,2286.4907331939785
"Greeley, CO",2023-09-30,2000.8084320328055
"Pueblo, CO",2023-09-30,1343.5359152197282
"Grand Junction, CO",2023-09-30,1549.5416233613494
"Glenwood Springs, CO",2023-09-30,3634.82707404032
"Edwards, CO",2023-09-30,3377.949285691476
"Durango, CO",2023-09-30,1954.547414510246
"Ca-¦on City, CO",2023-09-30,
"Montrose, CO",2023-09-30,1728.24096524016
"Breckenridge, CO",2023-09-30,
"Steamboat Springs, CO",2023-09-30,
"Sterling, CO",2023-09-30,
"Denver, CO",2023-10-31,1972.37462606486
"Colorado Springs, CO",2023-10-31,1824.952039520629
"Fort Collins, CO",2023-10-31,1914.9855006161697
"Boulder, CO",2023-10-31,2284.7465347847155
"Greeley, CO",2023-10-31,1999.643409513904
"Pueblo, CO",2023-10-31,1349.5901003315207
"Grand Junction, CO",2023-10-31,1562.775336122088
"Glenwood Springs, CO",2023-10-31,3638.864582978451
"Edwards, CO",2023-10-31,3367.4535088860403
"Durango, CO",2023-10-31,1938.3698901542168
"Ca-¦on City, CO",2023-10-31,
"Montrose, CO",2023-10-31,1730.6380081659845
"Breckenridge, CO",2023-10-31,
"Steamboat Springs, CO",2023-10-31,
"Sterling, CO",2023-10-31,
"Denver, CO",2023-11-30,1960.273577387668
"Colorado Springs, CO",2023-11-30,1823.403802079391
"Fort Collins, CO",2023-11-30,1920.273701645352
"Boulder, CO",2023-11-30,2292.187026485995
"Greeley, CO",2023-11-30,1994.8555753691533
"Pueblo, CO",2023-11-30,1329.6663885172045
"Grand Junction, CO",2023-11-30,1550.1710359763383
"Glenwood Springs, CO",2023-11-30,3611.438278405885
"Edwards, CO",2023-11-30,3503.159432939317
"Durango, CO",2023-11-30,1915.597857721445
"Ca-¦on City, CO",2023-11-30,
"Montrose, CO",2023-11-30,1751.9752975458518
"Breckenridge, CO",2023-11-30,
"Steamboat Springs, CO",2023-11-30,
"Sterling, CO",2023-11-30,
"Denver, CO",2023-12-31,1948.0082084136243
"Colorado Springs, CO",2023-12-31,1817.3437328706136
"Fort Collins, CO",2023-12-31,1919.9350610110869
"Boulder, CO",2023-12-31,2293.5435981793858
"Greeley, CO",2023-12-31,1992.3163915193447
"Pueblo, CO",2023-12-31,1333.9165719095038
"Grand Junction, CO",2023-12-31,1530.809992134419
"Glenwood Springs, CO",2023-12-31,3630.9477851766487
"Edwards, CO",2023-12-31,3468.05459906745
"Durango, CO",2023-12-31,1889.1619689606732
"Ca-¦on City, CO",2023-12-31,
"Montrose, CO",2023-12-31,1767.1379711969046
"Breckenridge, CO",2023-12-31,
"Steamboat Springs, CO",2023-12-31,
"Sterling, CO",2023-12-31,
"Denver, CO",2024-01-31,1952.0698187590629
"Colorado Springs, CO",2024-01-31,1818.1791540246315
"Fort Collins, CO",2024-01-31,1930.4852926684937
"Boulder, CO",2024-01-31,2286.878510952895
"Greeley, CO",2024-01-31,1998.4235744917803
"Pueblo, CO",2024-01-31,1345.431806292652
"Grand Junction, CO",2024-01-31,1519.710317272005
"Glenwood Springs, CO",2024-01-31,3645.507977624448
"Edwards, CO",2024-01-31,3675.538701687079
"Durango, CO",2024-01-31,1905.8998507925533
"Ca-¦on City, CO",2024-01-31,
"Montrose, CO",2024-01-31,1821.694942778841
"Breckenridge, CO",2024-01-31,
"Steamboat Springs, CO",2024-01-31,
"Sterling, CO",2024-01-31,
"Denver, CO",2024-02-29,1960.457783254303
"Colorado Springs, CO",2024-02-29,1821.7303952723696
"Fort Collins, CO",2024-02-29,1935.9213994874144
"Boulder, CO",2024-02-29,2279.707019419672
"Greeley, CO",2024-02-29,2005.602375978864
"Pueblo, CO",2024-02-29,1357.8311505371494
"Grand Junction, CO",2024-02-29,1546.4436741348989
"Glenwood Springs, CO",2024-02-29,3662.603526412401
"Edwards, CO",2024-02-29,3631.251118888466
"Durango, CO",2024-02-29,1902.4435603561813
"Ca-¦on City, CO",2024-02-29,
"Montrose, CO",2024-02-29,1842.1587653694105
"Breckenridge, CO",2024-02-29,3516.504258698641
"Steamboat Springs, CO",2024-02-29,
"Sterling, CO",2024-02-29,
"Denver, CO",2024-03-31,1978.814607814436
"Colorado Springs, CO",2024-03-31,1828.645725182256
"Fort Collins, CO",2024-03-31,1948.030708776421
"Boulder, CO",2024-03-31,2286.5680791206023
"Greeley, CO",2024-03-31,2026.376435052503
"Pueblo, CO",2024-03-31,1356.534663014182
"Grand Junction, CO",2024-03-31,1578.22632759062
"Glenwood Springs, CO",2024-03-31,3745.421957713904
"Edwards, CO",2024-03-31,3637.268712995856
"Durango, CO",2024-03-31,1936.9891358613709
"Ca-¦on City, CO",2024-03-31,
"Montrose, CO",2024-03-31,1857.0016253750885
"Breckenridge, CO",2024-03-31,3433.210466626687
"Steamboat Springs, CO",2024-03-31,
"Sterling, CO",2024-03-31,
"Denver, CO",2024-04-30,1990.1239418211524
"Colorado Springs, CO",2024-04-30,1837.2283183059728
"Fort Collins, CO",2024-04-30,1968.128858743025
"Boulder, CO",2024-04-30,2307.0279429379657
"Greeley, CO",2024-04-30,2038.200292292657
"Pueblo, CO",2024-04-30,1356.3329553405097
"Grand Junction, CO",2024-04-30,1600.886366717042
"Glenwood Springs, CO",2024-04-30,3776.0661075713047
"Edwards, CO",2024-04-30,3534.232792980621
"Durango, CO",2024-04-30,1935.9329002536256
"Ca-¦on City, CO",2024-04-30,
"Montrose, CO",2024-04-30,1849.1165014564597
"Breckenridge, CO",2024-04-30,3455.242184939734
"Steamboat Springs, CO",2024-04-30,
"Sterling, CO",2024-04-30,
"Denver, CO",2024-05-31,2005.7090290539195
"Colorado Springs, CO",2024-05-31,1851.1772732128293
"Fort Collins, CO",2024-05-31,1978.6619335945009
"Boulder, CO",2024-05-31,2325.563762739257
"Greeley, CO",2024-05-31,2055.824425451465
"Pueblo, CO",2024-05-31,1371.5520075822471
"Grand Junction, CO",2024-05-31,1615.1699711607416
"Glenwood Springs, CO",2024-05-31,3880.615428798325
"Edwards, CO",2024-05-31,3448.20404438532
"Durango, CO",2024-05-31,1968.76943068419
"Ca-¦on City, CO",2024-05-31,
"Montrose, CO",2024-05-31,1862.9395831613972
"Breckenridge, CO",2024-05-31,3389.9926629357337
"Steamboat Springs, CO",2024-05-31,
"Sterling, CO",2024-05-31,
"Denver, CO",2024-06-30,2014.9752455046917
"Colorado Springs, CO",2024-06-30,1863.328611995286
"Fort Collins, CO",2024-06-30,2000.2882548947832
"Boulder, CO",2024-06-30,2348.4983915554653
"Greeley, CO",2024-06-30,2057.4409766228814
"Pueblo, CO",2024-06-30,1381.871653593633
"Grand Junction, CO",2024-06-30,1627.4699735556237
"Glenwood Springs, CO",2024-06-30,3928.6231696752297
"Edwards, CO",2024-06-30,3449.490553615424
"Durango, CO",2024-06-30,1982.78901449816
"Ca-¦on City, CO",2024-06-30,
"Montrose, CO",2024-06-30,1871.3861208534915
"Breckenridge, CO",2024-06-30,3447.947885007852
"Steamboat Springs, CO",2024-06-30,
"Sterling, CO",2024-06-30,
"Denver, CO",2024-07-31,2023.826465765095
"Colorado Springs, CO",2024-07-31,1874.1336345114405
"Fort Collins, CO",2024-07-31,2007.2644339063831
"Boulder, CO",2024-07-31,2364.6082769628524
"Greeley, CO",2024-07-31,2066.9366600396934
"Pueblo, CO",2024-07-31,1394.9423509305147
"Grand Junction, CO",2024-07-31,1646.8681991163269
"Glenwood Springs, CO",2024-07-31,4011.573584111745
"Edwards, CO",2024-07-31,3488.4689351422185
"Durango, CO",2024-07-31,2008.1820822436516
"Ca-¦on City, CO",2024-07-31,
"Montrose, CO",2024-07-31,1868.8384477019515
"Breckenridge, CO",2024-07-31,3503.077771613558
"Steamboat Springs, CO",2024-07-31,
"Sterling, CO",2024-07-31,
"Denver, CO",2024-08-31,2023.1097197514976
"Colorado Springs, CO",2024-08-31,1872.509263663116
"Fort Collins, CO",2024-08-31,2002.3043213663552
"Boulder, CO",2024-08-31,2373.735563388913
"Greeley, CO",2024-08-31,2070.052359346022
"Pueblo, CO",2024-08-31,1391.5524896664176
"Grand Junction, CO",2024-08-31,1655.5630218681974
"Glenwood Springs, CO",2024-08-31,4021.946499138072
"Edwards, CO",2024-08-31,3672.4472573772855
"Durango, CO",2024-08-31,2019.938869910364
"Ca-¦on City, CO",2024-08-31,
"Montrose, CO",2024-08-31,1860.3040478808305
"Breckenridge, CO",2024-08-31,3616.3503687264815
"Steamboat Springs, CO",2024-08-31,
"Sterling, CO",2024-08-31,
"Denver, CO",2024-09-30,2015.3649725645605
"Colorado Springs, CO",2024-09-30,1869.8421801625364
"Fort Collins, CO",2024-09-30,1981.4817474649449
"Boulder, CO",2024-09-30,2351.7790005518527
"Greeley, CO",2024-09-30,2073.1597324778027
"Pueblo, CO",2024-09-30,1371.5062298113553
"Grand Junction, CO",2024-09-30,1674.310149478333
"Glenwood Springs, CO",2024-09-30,3972.202043563954
"Edwards, CO",2024-09-30,3806.283315345516
"Durango, CO",2024-09-30,2021.0036732749409
"Ca-¦on City, CO",2024-09-30,
"Montrose, CO",2024-09-30,1846.1316850804296
"Breckenridge, CO",2024-09-30,3605.674594684183
"Steamboat Springs, CO",2024-09-30,
"Sterling, CO",2024-09-30,
"Denver, CO",2024-10-31,1993.1792734950827
"Colorado Springs, CO",2024-10-31,1862.667494040024
"Fort Collins, CO",2024-10-31,1960.4186789417208
"Boulder, CO",2024-10-31,2363.4852198689
"Greeley, CO",2024-10-31,2067.2172233912115
"Pueblo, CO",2024-10-31,1364.117030986412
"Grand Junction, CO",2024-10-31,1662.421470215535
"Glenwood Springs, CO",2024-10-31,3889.3956477909855
"Edwards, CO",2024-10-31,3811.1318376815034
"Durango, CO",2024-10-31,2021.4916927734391
"Ca-¦on City, CO",2024-10-31,
"Montrose, CO",2024-10-31,1854.736773288932
"Breckenridge, CO",2024-10-31,3573.856680175005
"Steamboat Springs, CO",2024-10-31,
"Sterling, CO",2024-10-31,
"Denver, CO",2024-11-30,1968.206139324994
"Colorado Springs, CO",2024-11-30,1856.036500646656
"Fort Collins, CO",2024-11-30,1946.63375653288
"Boulder, CO",2024-11-30,2369.8200926193904
"Greeley, CO",2024-11-30,2056.0166533501565
"Pueblo, CO",2024-11-30,1360.8791532467812
"Grand Junction, CO",2024-11-30,1663.8107211917795
"Glenwood Springs, CO",2024-11-30,3910.5293780412776
"Edwards, CO",2024-11-30,3873.210122323188
"Durango, CO",2024-11-30,2025.3923047099845
"Ca-¦on City, CO",2024-11-30,
"Montrose, CO",2024-11-30,1864.5960688420205
"Breckenridge, CO",2024-11-30,3525.791449597083
"Steamboat Springs, CO",2024-11-30,
"Sterling, CO",2024-11-30,
"Denver, CO",2024-12-31,1943.001984369453
"Colorado Springs, CO",2024-12-31,1849.2286483402631
"Fort Collins, CO",2024-12-31,1945.090302188613
"Boulder, CO",2024-12-31,2378.550546245681
"Greeley, CO",2024-12-31,2075.2346022103725
"Pueblo, CO",2024-12-31,1362.7021286165636
"Grand Junction, CO",2024-12-31,1653.1485375869786
"Glenwood Springs, CO",2024-12-31,3819.82351600098
"Edwards, CO",2024-12-31,3807.435922276653
"Durango, CO",2024-12-31,2007.380786341524
"Ca-¦on City, CO",2024-12-31,
"Montrose, CO",2024-12-31,1883.438774299814
"Breckenridge, CO",2024-12-31,3517.406761648941
"Steamboat Springs, CO",2024-12-31,
"Sterling, CO",2024-12-31,
"Denver, CO",2025-01-31,1935.724136754888
"Colorado Springs, CO",2025-01-31,1845.8402978563824
"Fort Collins, CO",2025-01-31,1963.659372075628
"Boulder, CO",2025-01-31,2356.661364509353
"Greeley, CO",2025-01-31,2082.8215134006155
"Pueblo, CO",2025-01-31,1363.1889337935895
"Grand Junction, CO",2025-01-31,1664.0200055762057
"Glenwood Springs, CO",2025-01-31,3927.6304001115886
"Edwards, CO",2025-01-31,4014.139706395657
"Durango, CO",2025-01-31,1977.7367454153664
"Ca-¦on City, CO",2025-01-31,1374.1556663292083
"Montrose, CO",2025-01-31,1853.9254516748983
"Breckenridge, CO",2025-01-31,3457.4951924433813
"Steamboat Springs, CO",2025-01-31,
"Sterling, CO",2025-01-31,
"Denver, CO",2025-02-28,1938.5597270966853
"Colorado Springs, CO",2025-02-28,1845.5972931252911
"Fort Collins, CO",2025-02-28,1990.65012605874
"Boulder, CO",2025-02-28,2341.2929319642635
"Greeley, CO",2025-02-28,2103.0947968682945
"Pueblo, CO",2025-02-28,1367.882614558094
"Grand Junction, CO",2025-02-28,1661.292346081139
"Glenwood Springs, CO",2025-02-28,3819.242693992084
"Edwards, CO",2025-02-28,3930.821910325324
"Durango, CO",2025-02-28,1973.5875579108392
"Ca-¦on City, CO",2025-02-28,1364.5582406625606
"Montrose, CO",2025-02-28,1855.5125720440728
"Breckenridge, CO",2025-02-28,3463.3522873473235
"Steamboat Springs, CO",2025-02-28,3216.452784492748
"Sterling, CO",2025-02-28,953.388632741048
"Denver, CO",2025-03-31,1955.278252994787
"Colorado Springs, CO",2025-03-31,1847.4076058964515
"Fort Collins, CO",2025-03-31,2013.536875134039
"Boulder, CO",2025-03-31,2361.1264728894826
"Greeley, CO",2025-03-31,2097.115035035808
"Pueblo, CO",2025-03-31,1394.4763735382344
"Grand Junction, CO",2025-03-31,1660.9646240861969
"Glenwood Springs, CO",2025-03-31,3987.779829822389
"Edwards, CO",2025-03-31,3903.436955529573
"Durango, CO",2025-03-31,2015.8628686014424
"Ca-¦on City, CO",2025-03-31,1373.5999370988975
"Montrose, CO",2025-03-31,1885.7628918733144
"Breckenridge, CO",2025-03-31,3464.2902415731496
"Steamboat Springs, CO",2025-03-31,3261.211660363711
"Sterling, CO",2025-03-31,960.011592021415
"Denver, CO",2025-04-30,1971.5615132100484
"Colorado Springs, CO",2025-04-30,1857.899717930719
"Fort Collins, CO",2025-04-30,2025.0033950617285
"Boulder, CO",2025-04-30,2369.448290978926
"Greeley, CO",2025-04-30,2100.796489000266
"Pueblo, CO",2025-04-30,1406.2503842775584
"Grand Junction, CO",2025-04-30,1663.4689773213522
"Glenwood Springs, CO",2025-04-30,3921.752104377104
"Edwards, CO",2025-04-30,3725.4636752136753
"Durango, CO",2025-04-30,2055.266563467492
"Ca-¦on City, CO",2025-04-30,1384.1666666666667
"Montrose, CO",2025-04-30,1918.055555555556
"Breckenridge, CO",2025-04-30,3467.454545454545
"Steamboat Springs, CO",2025-04-30,3218.0
"Sterling, CO",2025-04-30,983.3333333333334
